,amin,amax,p25,p50,p75,p50_over_iqr,iqr_over_p50,skewed,p75_max,p25_min,num_records
access_pressure_cvvh,-596.0,1586565423.59721,-83.06346584343574,-66.51709100346102,-51.38108807540997,-2.2265855337922384,-0.5575187929921823,0.5300466728678777,4.99999924993849,-148.0,525958.0
access_pressure_cvvhd,-450.0,325.0,-40.0,-25.0,-20.0,-1.25,-0.8,0.75,-20.0,-40.0,2879.0
activated_clotting_time,97.0,999.0,157.75,444.5,551.25,1.1296060991105463,0.8852643419572553,0.7287166454891995,551.25,157.75,108.0
alat_blood,6.0,5143.0,34.731377719182596,57.157877389584705,99.34591298615689,0.8933428855709898,1.1276053395852534,0.3487383460870419,102.0,32.0,3034.0
alat_unspecified,0.0,10429.0,32.49248025116415,52.771571797193175,92.364383122898,0.8915954857701762,1.1347005658255993,0.3398064977515949,130.0,23.0,29622.0
albumin_blood,11.0,44.0,21.437728937728938,23.875565610859727,27.090443869855633,4.356031711269472,0.24019036620425005,0.4299855899667041,28.1,18.0,4641.0
albumin_unspecified,0.0,3600.0,20.083536835401002,23.19147715543904,26.402720205448098,3.7406201262372525,0.27497440655782046,0.4924097322183357,38.0,16.0,26781.0
alkaline_phosphatase_blood,7.0,1669.0,63.845993756503645,85.73048907388137,123.56087408949011,1.4497920989855395,0.692690034450754,0.3673919421940634,144.5,59.0,961.0
alkaline_phosphatase_unspecified,-1.0,2494.0,74.09503140023489,107.17449972149971,169.51133029995623,1.1435339374465276,0.8881449288679153,0.3494214332802666,273.0,54.5,25639.0
ammonia_unspecified,13.0,129.0,31.0,44.0,74.75,1.0057142857142858,0.9943181818181818,0.29714285714285715,74.75,31.0,131.0
amylase_unspecified,8.0,6750.0,41.647619047619045,66.28952380952381,99.87555555555555,1.1835558919727127,0.8679381283243743,0.42820265580601996,146.0,39.0,1575.0
anion_gap_arterial,-20.0,40.9,4.716206223379082,6.2851100331282534,8.305297562707052,1.7875005144138767,0.592245277818576,0.4257017891314636,12.8,3.0,33808.0
anion_gap_blood,4.0,19.2,6.35,8.0,9.6,2.4615384615384617,0.40625,0.5076923076923078,9.6,6.35,239.0
anion_gap_unspecified,-13.0,62.0,4.58548679701673,6.04914331787946,8.048699858899415,1.8248035688471087,0.6285760150865208,0.4115073329546218,10.6,2.0,14883.0
anion_gap_venous,0.0,34.0,5.0,7.0,11.0,1.1666666666666667,0.8571428571428571,0.3333333333333333,11.0,5.0,420.0
anti_xa_blood,0.02,59.0,0.2475,0.41,0.64,1.0445859872611465,0.9573170731707318,0.4140127388535031,0.64,0.2475,256.0
anti_xa_ufh,0.1,4.35,0.38882282996432815,0.461474435196195,0.6558858501783591,1.7729637336504165,0.5712270639528104,0.22703626634958388,0.7,0.38,1682.0
anti_xa_unspecified,0.0,3.97,0.3364505270453025,0.4616241598331302,0.6040745207240753,1.7341696120373797,0.5791561085170981,0.4695722611173017,0.91,0.3,12037.0
antithrombin_blood,27.0,143.0,79.2110109131327,91.63063735978112,103.8686730506156,3.7134297145971717,0.26930822337785076,0.506949597781211,114.0,69.0,1462.0
antithrombin_unspecified,0.18,150.0,74.23090513983371,86.15058201058201,99.90940476190475,3.3765624381132486,0.29854054240128447,0.4750321490247395,112.0,0.712499999999999,1323.0
apacheii_predicted_mortality,4.0,92.0,17.0,24.5,36.0,1.2894736842105263,0.7755102040816326,0.39473684210526316,36.0,17.0,304.0
apacheii_score,1.0,39.0,13.0,15.007987241502024,19.007987241502022,2.4985023922183704,0.4002819026412479,0.33399893679183523,21.0,13.0,75871.0
apacheiv_predicted_mortality,0.0,95.92187,3.010079279788839,5.177431802413273,8.158810094268452,0.9299559410874473,1.0867079714617776,0.415577440827518,32.9713574999999,0.06,1326.0
aps,0.0,144.0,38.47123015873016,48.37202380952381,60.83482142857143,2.1725008555705276,0.46340493343392103,0.4466217295707437,66.25,29.0,1008.0
aptt_blood,0.0,200.3,25.88027108433735,30.787725903614458,46.67823795180723,1.6018906612485513,0.707440127573787,0.24670021027690375,51.15,23.5,3984.0
aptt_unspecified,0.0,100097.978040439,28.915050597610552,34.80540012730294,45.732875680757,2.5442222707730457,0.4788130894756113,0.3643155693301004,66.0,21.7,29391.0
arterial_bp_diastolic,-319.36000556687,4044.0,51.87429573192481,58.817714358622965,66.08232001387427,4.15039504416359,0.24205185003088242,0.48877051440631364,71.0001125095633,48.0000013477687,4215860.0
arterial_bp_mean,-319.36000556687,361.0,70.174004124732,78.4028191929891,88.48670725241327,4.301750273123729,0.23335550784035516,0.45051971248481937,94.0001650140262,59.0,4454437.0
arterial_bp_systolic,-319.36000556687,358.0,108.05961216612187,122.12218321468,138.79512419542735,4.002955967429058,0.2514579336167659,0.45628255872395457,161.874936244772,103.0,4219113.0
arterial_bp_unspecified,0.0,17068.0,26.273300210721672,82.87962379415006,120.06728207705841,1.3271493281240907,1.2097276024842234,0.5963385087244077,248.0,0.0,258635.0
asat_blood,11.0,10382.0,38.13553530751708,59.11047835990888,97.3992027334852,1.0047034945314208,1.0014178151691173,0.350875062990313,103.0,34.5,878.0
asat_unspecified,0.0,31459.0,32.691743843371,49.06484569729365,79.27184955610998,1.0540894286644784,0.9560365504450998,0.35128195250324795,138.0,27.0,26671.0
backup_apnea_frequency,3.0,60.0,14.738787793138421,15.903061691037717,19.564646321897367,3.3547538094485967,0.30291011668731066,0.26768307382806983,20.0,12.0,120293.0
band_neutrophils_perc_unspecified,0.0,38.2,2.6246905089408528,8.059628610729025,13.127338376891336,0.6640273734233416,1.534776351316929,0.39150941512022347,34.2,0.0,1454.0
band_neutrophils_unspecified,0.0,47.0,0.3691389973958334,0.604970703125,1.3323600260416661,0.5750744238323268,1.7737576729860598,0.22103168469935283,6.69999999999999,0.0275,3072.0
base_excess_arterial,-26.4,37.6,0.9629565133731,4.435181194844846,8.013787167770381,0.6250949556424247,1.7696010966246596,0.4959423270122057,11.9,-2.15,77955.0
base_excess_blood,-28.0,27.5,-0.2,2.5,5.4,0.4464285714285714,2.24,0.48214285714285715,5.4,-0.2,11071.0
base_excess_central_venous,-15.5,16.9,-1.0946874999999954,0.635625,2.9657291666666667,0.08475000000000013,inf,0.23070833333333304,5.175,-2.32499999999999,480.0
base_excess_unspecified,-30.0,43.0,0.4182188973056254,3.4855532730507512,6.7034785509253325,0.5584032761270363,2.11291226258173,0.49131309246104926,9.0,-1.6,109042.0
base_excess_venous,-26.1,22.2,-2.2669851315038922,1.1650389254564755,4.8248053756723275,0.2034838377209765,0.8340274961022914,0.4974232341094197,6.3,-4.949999945,1413.0
basophils_absolute,0.0,0.87,0.011040447046301223,0.021648483235763707,0.05132118147951038,0.5445449707291112,1.8932499556501685,0.2562599787120809,0.06,0.0,7516.0
basophils_blood,0.0,0.1,0.0,0.0,0.1,0.0,inf,0.0,0.1,0.0,105.0
basophils_microscope,0.0,0.74,0.0,0.0,0.02,0.0,inf,0.0,0.02,0.0,110.0
basophils_perc_unspecified,0.0,3.7,0.004276773296244785,0.2,0.39144645340751044,0.5641515994436718,1.9358484005563283,0.5213838664812239,0.4,0.0,2876.0
basophils_unspecified,0.0,3.5,0.048793193521904636,0.10067243824165983,0.20225315322038964,0.6592095468280258,inf,0.35660678848976485,0.4,0.0,13399.0
bicarbonate_actual_arterial,0.0,70.8,25.83861396945193,29.266553167928194,33.419264487836784,3.988783780457917,0.2577731922598243,0.4575032118372287,39.0,21.7,73950.0
bicarbonate_actual_blood,0.0,51.7,24.053308171972432,27.015077125041024,30.477198884148347,4.288428739563229,0.2374418538346955,0.4646906660747154,32.675,23.8,15235.0
bicarbonate_actual_bloodgas,10.2,55.7,25.87673976860646,29.574900707995166,34.046123294767746,3.6321654912510817,0.2764012178349204,0.45241302664341093,34.1,25.0,5791.0
bicarbonate_actual_central_venous,13.0,38.0,21.0,24.0,28.0,3.4285714285714284,0.2916666666666667,0.42857142857142855,28.0,21.0,226.0
bicarbonate_actual_unspecified,-1.9,75.0,25.09887486081678,28.06939405912144,31.265569438956934,4.615742063912511,0.21965059375895582,0.4839049155708814,36.0,22.0,111364.0
bicarbonate_actual_venous,3.7,50.4,22.904533973551047,26.036017658871273,29.474825667755233,4.110555623652661,0.2540341399517572,0.4919316871249726,31.8,19.90000055,1577.0
bicarbonate_standard_unspecified,4.5,48.2,25.219847087569953,27.799096713170965,30.355288090171044,5.46132872633565,0.1848982103427494,0.5040100504614236,31.0,24.0,63435.0
bilirubin_direct,1.0,172.0,8.273220973782772,12.859176029962546,22.365355805243446,0.9614387603730631,1.1155966695765631,0.29265867154547864,44.0,2.0,1335.0
bilirubin_direct_blood,6.0,142.0,16.0,22.0,38.0,1.0,1.0,0.2727272727272727,38.0,16.0,334.0
bilirubin_total,0.0,1628.0,4.935013052242011,6.634444701450617,10.178543105442289,1.3069879678217706,0.7865461767669083,0.3246859846671704,27.0,4.0,30263.0
bilirubin_total_blood,0.0,145.0,5.0,6.953922789539228,11.161892901618929,1.163013698630137,0.8846587202751587,0.32406155488347266,12.0,5.0,4015.0
bilirubin_unspecified,2.0,140.0,8.412855007473842,10.948878923766816,14.790209267563528,1.5958453520785358,0.6924343988586531,0.3883373732476872,28.25,4.0,3345.0
bipap_high_pressure,6.0,368.0,22.040990538335766,24.673626631037767,29.06651130400246,3.727700628152735,0.2989256732606747,0.3817993695450328,40.0,16.0,1293.0
bipap_high_time,0.0,411.0,0.0538544766026508,49.80119015417906,49.802407357316746,1.010464075111086,0.9961639166892077,0.995942656207736,50.0,0.05,85031.0
bipap_inspiratory_pressure_set,0.0,50.0,10.0,14.0,25.9999999999999,0.8750000000000054,1.1428571428571357,0.25000000000000155,25.9999999999999,10.0,133.0
bipap_low_pressure,0.0,65.0,8.0,10.0,10.0,5.0,0.20000000000000004,1.0,10.0,8.0,773.0
blood_flow_cvvh,-57.0,2400.0,144.27538630757238,147.97683756393965,169.84558375959762,6.174911276514707,0.17773526913052276,0.12402243983355224,300.0,100.0,187286.0
blood_flow_cvvhd,0.0,119.0,95.00001,96.0,98.0,32.00010666702226,0.031249895833333305,0.33333111110370295,98.0,95.00001,137.0
bmi,0.0,146.8,24.379767812380507,27.290819135828702,30.620594701958613,4.431331043892747,0.22895788655743285,0.46619096925367975,32.725,23.0,23537.0
break_time_set,0.0,10.0,0.0,0.0,10.0,0.0,inf,0.0,10.0,0.0,115.0
calcium_blood,0.99,3.03,2.025998425610076,2.127200209918656,2.2317278929414845,10.351812753090833,0.09672822354365894,0.49260600800639387,2.26,1.96,3811.0
calcium_corrected,1.29,3.75,2.3398178673178673,2.42733312983313,2.5139082214082213,14.074283092366743,0.07169654133252501,0.5013606910375484,2.62,2.2,9828.0
calcium_flow_cvvh,0.0,400.0,15.453751775191394,16.914015850214657,18.470254321672844,13.147667259495545,0.10252313055832893,0.6770369549260047,55.0,6.1,490088.0
calcium_ionised,0.0,1.74,1.1026126900333766,1.1519432527478195,1.192814854790849,12.957991717821317,0.07827564803342055,0.5412920775422239,1.21999994,1.06,141716.0
calcium_ionised_arterial,0.29,1.79,1.1171354420113544,1.1639140308191402,1.2117299270072992,12.539038757793831,0.08123117625745722,0.4922237241296442,1.23,0.97,36990.0
calcium_ionised_blood,0.23,1.74,1.1319581215385783,1.180349745846294,1.2387413701540095,11.097616786942325,0.0903797083433264,0.45292083263405597,1.25,1.09,13181.0
calcium_ionised_bloodgas,0.69,116.0,1.1227581271723575,1.1612635452872622,1.2012635452872624,14.982900241129656,0.06745372879322069,0.4825740832692366,1.23,1.11,9782.0
calcium_ionised_post_filter_cvvh,0.0,4.0,0.7310078023407022,0.8697139141742523,0.8989206762028609,5.620123377229492,0.22352036879785664,0.6926949274556211,1.7,0.27,1538.0
calcium_ionised_venous,0.25,1.87,0.7742481598317561,0.8193059936908516,0.8629390115667703,8.643751621669763,0.1246840813917008,0.4764681515470245,1.19,0.34,951.0
calcium_ratio,1.0,7.86,1.7664291392232567,1.8346831705655233,1.9046178741766975,13.452049738814456,0.07552908649960736,0.4915966386554629,2.3,1.75,17612.0
calcium_suppletion_dosage_cvvh,0.0,100.0,83.87595206295347,83.88979171930838,93.19780890156301,8.965400859112732,0.11156338746257867,0.06919828177453706,100.0,1.5,55406.0
calcium_total,1.19,3.6,2.0446530902202227,2.136791380535165,2.240655931802036,10.964967573029261,0.09173828538123256,0.471800709317477,2.285,1.9725,4223.0
calcium_unspecified,0.0,3.92,2.0596072542901713,2.148936817472699,2.2436567862714507,11.796600374199171,0.0856463299702582,0.4856947237239353,2.42,1.98,12820.0
calcium_volume_cvvhd,0.0,19778.0,93.81787727434892,337.17314306100604,1650.9586514448804,0.202067183091461,10.247759836606052,0.14823317183073487,2222.25,0.0,14015.0
cam_icu_score_q1,0.0,1.0,0.0,0.0,1.0,0.0,inf,0.0,1.0,0.0,2680.0
cam_icu_score_q2,0.0,1.0,0.0,1.0,1.0,1.0,1.0,1.0,1.0,0.0,500.0
carbon_monoxide_unspecified,0.0,5.5,0.08534474826719476,0.14415914387996037,0.21821003884530424,1.650691852641757,0.6404600502703871,0.4619087516185603,0.9,0.008,65645.0
carboxyhemoglobin_arterial,0.0,5.2,0.7323063604420227,1.1209629780516372,1.4705275754952385,1.546844422700587,0.665572538764727,0.5009039058919387,1.6,0.0,39274.0
carboxyhemoglobin_blood,0.1,4.8,1.5742651610711953,1.8491835401698238,2.124101894186806,3.3118874826910956,0.30525844824280873,0.5000000313520498,2.4,0.8999999,4593.0
carboxyhemoglobin_unspecified,0.0,4.1,0.7,1.0,1.3,1.6666666666666665,0.6000000000000001,0.5,1.3,0.7,10174.0
carboxyhemoglobin_venous,0.0,3.9,0.699827882960413,1.0499139414802066,1.4499139414802065,1.4371772805507745,0.7251290877796901,0.4584050487664946,1.6,0.6,581.0
cardiac_index_continuous_unspecified,0.132,315.0,3.084719308125503,3.7893622687047475,4.335115848753016,3.297077629278012,0.32970826860746133,0.557444701588067,5.2,2.6,12430.0
cardiac_index_unspecified,0.0,343.0,3.3918410530295864,3.980203563663862,4.661248652991776,3.2387906495012895,0.3191033443867685,0.4568018896115752,5.2,2.63,21158.0
cardiac_input_continuous_unspecified,0.39,315.0,2.243200694112015,3.1248073240785064,4.034742101483964,1.8901036972392227,0.5828465285436846,0.48988736897230506,5.2,2.0,8356.0
cardiac_output_continuous_unspecified,0.1,25.0,5.011617701724822,6.543416063639969,7.905205937747819,2.3647999700459046,0.4462293540043925,0.5295270514366075,10.9,4.4,80704.0
cardiac_output_unspecified,1.25,16.96,6.682822769953052,7.392988262910798,9.124664906103286,3.3374062511016627,0.33237635639100954,0.2828216072407546,10.4,4.81,8520.0
central_venous_pressure,-311.0,386.0,4.476115886928399,8.442959290487048,12.155068900589258,1.1056223389832107,0.9206387502845044,0.5179091037379631,19.0,2.0,2131449.0
cerebral_perfusion_pressure,29.0,187.0,60.0,65.0,72.0,5.416666666666667,0.18461538461538463,0.4166666666666667,72.0,60.0,948.0
chloride_arterial,74.0,151.0,101.73899620911175,105.28719950968151,109.20847615372392,14.534648605089325,0.0709465301258111,0.4712874265089778,110.0,97.0,44053.0
chloride_blood,82.0,137.0,103.5138428848197,107.5254671583026,111.42916067745766,13.639109162820182,0.07364190884338892,0.5085188128122945,112.0,96.0,16001.0
chloride_bloodgas,69.0,144.0,102.92113546936481,106.90222971706952,109.90614577477984,15.307607270001876,0.0653351031677427,0.5697052026731622,110.0,97.0,53370.0
chloride_unspecified,0.0,149.0,102.91994902130524,106.5494397152888,109.82654018179196,15.807714783661703,0.06481900579020915,0.5242083690636368,112.0,97.0,41586.0
chloride_venous,67.0,137.0,101.45534591194969,104.73333333333333,108.77767295597484,14.343977135421508,0.06988577401001751,0.4458066115190383,110.0,101.0,795.0
chloride_whole_blood,0.0,139.0,102.12113329186224,106.12113329186224,109.82723519764745,13.811002900283563,0.07257607913633164,0.5209927210153417,111.0,99.0,17683.0
cholesterol_unspecified,0.755999999999999,15.5,2.46,3.21,4.22,1.8238636363636365,0.5482866043613707,0.4261363636363637,4.22,2.46,2405.0
citrate_dosage_cvvh,0.0,2800.0,2.492469651587996,2.9238265054126433,2.9779307344791492,6.299607049587792,0.16665162389754232,0.8657459703216815,4.2,2.1,441374.0
cough_reflex_text,0.0,1.0,0.0,1.0,1.0,1.0,1.0,1.0,1.0,0.0,209.0
cpot_score,-5.0,7.0,0.0,0.0,1.0559536514712609,0.0,inf,0.0,2.0,0.0,6559.0
creatine_kinase_mb_activity,1.0,950.0,8.091734575087312,12.045983701979045,22.08428351688009,0.7320087471678256,1.4465918802044844,0.2882580526017746,41.0,1.2,859.0
creatine_kinase_mb_mass,0.3,850.0,1.2042360060514372,1.9946224728372988,3.9965341768670055,0.7694582415196868,1.365424402192502,0.29489689784364487,19.95,1.0,7271.0
creatine_kinase_unspecified,0.0,391180.0,46.26881883911075,101.31681194675316,264.5131934590175,0.47363954903161154,2.1340078460599794,0.2528766431043402,1135.0,35.0,29598.0
creatinine_blood,0.0,1198.0,60.146223327660685,81.31790810315486,127.78279225029453,1.2464792964820879,0.8244669354074413,0.32007094189087115,169.0,44.0,15278.0
creatinine_unspecified,0.0,19136.0,53.488569651741294,72.33298507462686,110.42411069651742,1.3232131015138542,0.7813966008837531,0.339356029590083,191.0,46.0,40200.0
creatinine_urine,0.8,10.1,2.4,3.6,5.3,1.2413793103448278,0.8055555555555554,0.4137931034482759,5.3,2.4,107.0
crp_blood,0.6,699.9999,40.93875838926174,98.76303562209603,195.98070469798657,0.632688353334152,1.5896920629448876,0.3708815202728836,240.0,16.75,3874.0
crp_unspecified,0.0,775.0,37.99719078713163,94.49046602597144,183.26087181882696,0.6461619064076333,1.5849838449275377,0.38699283302785414,256.0,21.0,45165.0
crrt_dialysate_solution,13.3333333333333,30.0,20.7833333333333,22.0,28.3333333333333,2.9139072847682117,0.3431818181818182,0.16114790286976163,28.3333333333333,20.7833333333333,216.0
crrt_duration,0.0,4109.0,268.2404510988305,613.7869811078267,1114.8912189949876,0.7037080032535336,1.4260053835023045,0.4015485753315903,2155.0,6.5,7781.0
crrt_filter_change,-145.000002508754,1586565423.59721,28.0000020363027,38.0000016920357,52.0000027101871,1.5833333593771692,0.6315789369797444,0.4166666406228273,52.0000027101871,28.0000020363027,369002.0
d_dimer_blood,0.19,7943.0,459.2995465062471,883.4979546506247,1298.6443405830635,0.8450992390087694,1.2112584253690493,0.4088769640678959,4287.0,1.29,2161.0
d_dimer_unspecified,0.0,3500035000.0,601.19682848001,1104.8816773373958,1999.1364827694908,0.7179816929839556,1.4362231987531482,0.3432448222526358,7668.0,0.9,17963.0
dead_space_ventilation,0.0,458.0,116.0,146.0,188.0,2.0277777777777777,0.4931506849315068,0.4166666666666667,188.0,116.0,12700.0
dialysate_flow,0.0,40000.0,2140.285405872193,2457.639032815199,2818.5431778929187,3.8442479618177425,0.372610996663684,0.3772254721711516,3400.0,111.5,5790.0
dialysis_duration,2.0,269.0,234.0,237.0,262.0,8.464285714285714,0.11814345991561181,0.10714285714285714,262.0,234.0,180.0
dos_day,0.0,10.0,0.0,1.0,3.1260504201680672,0.322829131652661,3.1260504201680672,0.322829131652661,4.0,0.0,833.0
dos_evening,0.0,10.0,0.0,1.0,2.4238975817923185,0.41868183973447126,2.4238975817923185,0.41868183973447126,3.0,0.0,703.0
dos_night,0.0,12.0,0.0,1.0,3.0,0.3333333333333333,3.0,0.3333333333333333,3.0,0.0,542.0
dos_total,0.0,13.0,0.026646685472496476,1.3332157968970382,4.054806064880113,0.33909141320988995,3.303018335684062,0.32770394078574616,5.0,0.0,2836.0
driving_pressure,-20.0,482.0,6.969093801728137,10.258885562457275,14.341014175923787,1.3975993394153494,0.7196326702851884,0.44662778879402304,19.9,6.7,252493.0
ecg_avf,-8.3,10.4,-0.011743976942315494,0.09811454780287934,0.20918810539034005,0.46760247743483657,inf,0.49797494602140613,0.3,-0.2,882282.0
ecg_avl,-13.2,18.4,-0.11047715582682674,0.0006472488366925399,0.014765329294528324,0.003236244183462699,inf,0.9440395579511195,0.2,-0.2,913559.0
ecg_avr,-7.2,5.3,-0.20678733497406246,-0.09725254053637433,0.01228225206691842,-0.46929436715754397,inf,0.5000000022929942,0.2,-0.3,874408.0
ecg_i,-7.5,5.9,-0.10084027556478246,0.0006587203428607672,0.11074939632403241,0.003293601714303836,inf,0.48361787893348307,0.2,-0.2,882924.0
ecg_ii,-6.0,7.9,-0.031433148714461734,0.09183511073888867,0.30327856717872315,0.29322781359242306,inf,0.3590186426183763,0.4,-0.5,1067265.0
ecg_iii,-6.5,15.1,-0.012609714165748959,0.09755472520654956,0.2079462073633255,0.46551084291633515,inf,0.4997171396938946,0.3,-0.3,883541.0
ecg_mcl,-9.800001,12.6,0.0,0.2,0.5,0.4,2.5,0.4,0.5,0.0,52788.0
ecg_qtc_time,0.0,800.000120000048,416.26158944887715,443.67256634235434,475.79617388384315,8.031839827920964,0.1353477467125652,0.46032334953105497,500.0,327.345149700598,139167.0
ecg_st_segment,-8.7,17.1,-0.11408134326826623,0.071405980167003,0.3006271519563766,0.15050691346560163,inf,0.4529178431904028,0.8000001,-0.3,6382999.0
ecg_v,-10.0,14.6,-0.008352529168305336,0.19164746999644175,0.4916474708316947,0.3832949399928835,2.473898347001587,0.3999999983294942,0.5,-1.0,53397.0
ecg_v1,-8.2,4.7,0.0,0.19999999999999998,0.3020428586217606,0.663942855170986,1.510214293108803,0.663942855170986,0.5,0.0,695496.0
ecg_v2,-5.9,8.5,0.10070383948610093,0.3014076789722019,0.6021115184583028,0.6008043879841154,1.6647897613703977,0.4002010969960288,0.9,0.1,779297.0
ecg_v3,-5.1,13.7,0.09918190466124088,0.4008180953387591,0.6040904766937956,0.7971738524661048,1.2577719057182115,0.5988100431436232,1.1,0.0,709575.0
ecg_v4,-4.8,12.2,-0.0007916467521334986,0.2,0.4023749402564005,0.49802088311966625,2.01583293504267,0.49901044155983315,0.7,-0.1,709281.0
ecg_v5,-10.6,7.4,-0.008138849948534223,0.0992693190188724,0.3003963651010023,0.325743875008114,inf,0.34406611487612937,0.4,-0.3,826763.0
ecg_v6,-3.1,5.7,-0.10220843683138822,-0.0007361456104627385,0.2,-0.0012269093507712308,inf,0.33456024268410456,0.2,-0.4,696873.0
ecmo_flow,0.54,7500.0,310.61682260031284,343.382598974359,361.03481945096917,3.6319701567383293,0.8292193668217139,0.2413634160368526,6600.0,1.70000004768372,4875.0
effluent_pressure_cvvh,-486.000006000501,9804401.69260275,-49.2841354397987,-26.675708375709394,-0.5523239187800175,-0.563370399176112,-1.0123392419882995,0.4632424892938726,169.000232519764,-92.75,489820.0
effluent_pressure_cvvhd,-10.0,150.0,55.0,67.5,80.0,2.7,0.37037037037037035,0.5,80.0,55.0,144.0
egfr_ckd_epi,0.0,173.0,38.96767523953606,62.03613212304589,80.4784795763994,1.600974868471442,0.7047790921683685,0.5680036506514953,104.0,16.5,39660.0
egfr_mdrd,4.99999412238618,90.0000030934817,36.138768208184956,57.58652461017442,70.89825883554501,1.6801187241128392,0.6918479659215887,0.6274512495969276,89.9999634969252,16.37,7623.0
end_tidal_co2_measured,-98.0,6131.0,19.599982183310857,22.42351234504436,25.535490821286274,3.904455132214307,0.2615628657658223,0.48208328826109353,46.9999993130981,0.0,4092990.0
eosinophils_absolute,0.0,10.7,0.08524877113055991,0.21777724493466005,0.44269571993765733,0.6093373587191895,inf,0.3364180472004316,2.7,0.0,8341.0
eosinophils_blood,0.0,1.3,0.0,0.0,0.2,0.0,inf,0.0,0.2,0.0,105.0
eosinophils_manual_diff,0.0,19.0,0.0,0.0,2.0,0.0,inf,0.0,2.0,0.0,162.0
eosinophils_microscope,0.0,3.45,0.0,0.0,0.0824999999999999,0.0,inf,0.0,0.0824999999999999,0.0,110.0
eosinophils_perc_unspecified,0.0,27.1,0.06104059582502885,0.813521451799014,2.1120450015734815,0.38884453488684784,inf,0.35977758449397695,2.5,0.0,9533.0
eosinophils_unspecified,0.0,17.1,0.008833437305053026,0.07539363693075483,0.20933063006862135,0.36964949838090666,inf,0.32680835731836966,0.3,0.0,8015.0
erythroblasts_absolute,0.0,16.98,0.07757884028484231,0.1342319430315361,0.2806358087487282,0.6085643653165512,1.7486641434405592,0.3547310371363005,0.475,0.0,983.0
erythroblasts_blood,0.1,8.4,0.1,0.2,0.375,0.7272727272727273,1.375,0.36363636363636365,0.375,0.1,166.0
erythroblasts_perc_unspecified,0.1,24.5,0.1,0.2,0.5,0.5,2.0,0.25,0.5,0.1,2278.0
erythroblasts_unspecified,0.01,20.76,0.24670332936979789,0.38656956004756243,0.8020362663495837,0.5715321473347633,1.81597974384977,0.25166379729399946,3.3225,0.06,841.0
erythrocytes_blood,1.2,6.4,2.9145250000000003,3.246783333333333,3.7080958333333336,4.167344576719577,0.24531099521372,0.4156035052910052,4.455,2.7,2400.0
erythrocytes_unspecified,0.0,78000.0,2.9245215615374316,3.4514831927146106,4.377089862059729,3.387316886078872,0.3693675748732682,0.49024699395357535,51.0,2.0,14934.0
erythrocytes_urine,1.93,1184.0,4.664213197969543,10.508324873096447,33.383553299492384,4.100077699138053,0.8650156978961885,0.4009275523562189,157.0,3.15,591.0
ews_score,0.0,16.0,1.099654941546068,2.0753978472472574,3.4055466858938046,0.9195267034042335,inf,0.35999038643113423,6.0,0.0,19417.0
expiratory_resistance,0.0,3180.0,9.93929234205309,11.62545905747649,14.029243063033853,2.901002382573116,0.3499337178908439,0.40810699580409876,17.83,6.0,1104121.0
expiratory_time_unspecified,0.0,189.0,1.2932530882161102,1.5603933900635205,2.729757508554684,2.3967687827742665,0.8046512869263124,0.38388659752281595,15.0,1.0,797224.0
expiratory_trigger_sensitivity,10.0,80.0,25.0,25.0,30.0,5.0,0.2,0.0,30.0,25.0,313556.0
extravascular_lung_water,212.0,3424.0,1067.9858490566037,1295.427672955975,1532.7405660377358,3.241998479335418,0.38004985036544564,0.5601575610175196,2230.0,641.0,1272.0
extravascular_lung_water_index,1.4,1923.0,12.902003588516747,15.768211722488038,18.948504784688993,2.7772402624144656,0.4065352714774827,0.47788479949339846,29.7,9.0,3344.0
ferritin_blood,127.0,23066.0,713.0,1051.5,1625.5,1.1523287671232876,0.8678078934854969,0.37095890410958904,1625.5,713.0,640.0
ferritin_unspecified,-1.0,437200.0,629.2677200303068,1055.55742772761,1732.504345002474,0.9550326091578182,1.0498545320227974,0.3864095248347106,2220.0,380.75,16168.0
fibrinogen_blood,0.5,12.0,5.0,6.4827260458839415,7.613090418353576,2.480837706802619,0.4030896841377545,0.5646083870645274,7.7,5.0,1482.0
fibrinogen_unspecified,0.0,18.7,4.855955524351685,6.0620614200722125,7.460557728054066,2.363662965170838,0.4295415505322974,0.4590688376702364,8.6,3.54999985447,10973.0
filter_pressure_cvvh,-1303.0,196608.0,114.92374617367734,134.17396017868487,156.950475298186,3.258693779499978,0.35666429750642575,0.4602228042118292,258.000023354657,-10.0,513819.0
fio2_hiflow,0.0,100.0,42.64220321176647,55.637850817949875,71.02881443794087,2.215693670999057,0.4967010875332082,0.45307420209115234,99.99999,40.0,6663.0
fio2_measured,-45.0,500.0,39.25919000317046,44.71025354236213,52.55682554916148,3.6074861042447144,0.29810043944712344,0.42237612551393455,76.0,0.35,2438133.0
fio2_nice,0.0,100.0,19.084818011562575,21.74551502320658,33.00135037863366,1.5609795576166394,0.6504669000895693,0.19225792498327307,52.0,0.25,61405.0
fio2_niv,0.0,100.0,50.0,60.0,76.2989840348331,2.3701015965166907,0.43831640058055155,0.39501693275278177,80.0,50.0,689.0
fio2_optiflow,0.0,100.0,40.0,50.0,55.0,3.3333333333333335,0.3,0.6666666666666666,55.0,40.0,506.0
fio2_set,0.0,70115.0,35.139956180737755,41.888648572171,51.72725343210219,2.989920493796303,2.50597755412698,0.4052964559816075,85.0,0.0,4671918.0
fio2_unspecified,0.0,881.0,29.42395776245384,39.61222929384279,47.47775819579471,2.92832587872963,0.4760685309479377,0.41353558056097384,70.0,0.61,2653800.0
flow_trigger_set,0.0,15.0,0.4551705088799674,0.5434235089867057,2.1194429135616373,0.6715132976869167,7.659585589851135,0.12471441408296516,8.0,0.2,918134.0
fluid_in_blood_products,0.0,49828.35,255.49675944333995,280.0,282.03528827037775,39.25890224569569,0.09478046009656348,0.9627850014558835,299.6875,200.0,1006.0
fluid_in_cvvh_dialysis,750.0,2000.0,1250.0,1500.0,1500.0,6.0,0.16666666666666666,1.0,1500.0,1250.0,110.0
fluid_in_drain,0.0,300.0,10.0,80.0,100.0,0.888888888888889,1.125,0.7777777777777778,100.0,10.0,179.0
fluid_in_flush,0.0,6000.0,23.691644810790557,32.08355189209442,61.69932559010866,1.208253066177714,0.9768727647399433,0.09371667047970193,500.0,20.0,5338.0
fluid_in_iv_infusion_and_medications,-10.0,13629.0,4.885522580523558,9.277633250938388,14.900658699129199,1.358139320612849,1.0472195083275375,0.5419536697382809,500.0,0.0,928455.0
fluid_in_oral,0.0,13500.0,113.86708688690082,174.26189682180527,242.40727364500296,1.9124970680378879,0.7535402156712465,0.5213157786172347,1950.0,50.0,28727.0
fluid_in_other,0.0,20650.0,28.5622349137026,53.157414017553435,100.74500272960148,0.328428068593968,inf,0.17107022690592677,1875.0,0.0,47626.0
fluid_in_parenteral_nutrition,0.0,7304.0,54.47151243093923,83.05934046961326,123.18449585635359,1.8330449322474307,0.6647324563573489,0.498143214199571,694.55,42.0,2896.0
fluid_in_tube,-170.0,9804979.0,39.4084534322155,58.919142757494875,83.69678600665566,2.768590566265476,0.8016073843902118,0.4177464100920261,1344.0,5.0,206441.0
fluid_out_cvvh_dialysis,-118.0,20611.0,78.76316317823621,147.44079706871455,243.18238970034633,0.9261001241243736,3.9928462475155566,0.4087821152251274,1750.0,0.0,39846.0
fluid_out_cvvh_dialysis_cumulative,-160.0,15650.0,129.54799549455592,1133.2259813941846,3807.683294397397,0.29637564390951127,3.4707804967003493,0.2699230550333039,5317.5,0.0,95884.0
fluid_out_defecation,-470.0,2200.0,23.06706077823436,64.59225029298759,136.13326855464405,0.6109224946825164,inf,0.3003530245051444,662.5,0.0,67409.0
fluid_out_defecation_frequency,0.0,1.0,0.0,0.3480392156862745,1.0,0.3480392156862745,inf,0.3480392156862745,1.0,0.0,612.0
fluid_out_drain,-300.0,3000.0,15.640299387743639,35.507554906476436,71.83730270179183,0.494934814402258,inf,0.2747541931730027,300.0,0.0,17803.0
fluid_out_emesis_retention,0.0,2502.0,7.962843589885727,22.955922297805618,74.93700357151342,0.31676032594582526,inf,0.19149283829171482,350.0,0.0,126277.0
fluid_out_flush,-3000.0,1800.0,-10.0,0.0,0.0,0.0,inf,1.0,0.0,-10.0,155.0
fluid_out_netto_ultrafiltration_dialysis,0.0,3800.0,228.0,694.0,1475.0,0.5565356856455493,1.7968299711815563,0.37369687249398564,1475.0,228.0,383.0
fluid_out_other,0.0,10970.0,71.24598439651216,130.48646167966956,205.2501147315282,1.0763579485603765,1.5326091270389803,0.45908544816889735,500.0,0.0,2179.0
fluid_out_urine,-60.0,100000000.0,70.27125964311965,119.56398275510645,191.11989586357262,0.9952037975543322,inf,0.40747149461809384,1625.0,0.0,647612.0
fluid_out_urine_frequency,0.0,2400.0,1.0,1.0,2.241412213740458,0.879293893129771,1.241412213740458,0.0,3.0,1.0,1048.0
frequency_ippv,0.0,488.0,12.052480158730159,15.227380952380953,18.539285714285715,2.478958714896215,0.4277617157974301,0.49820856227106225,30.0,6.0,5040.0
galactomannan_bal_index,0.0,8.4,0.02384105960264901,0.09999999999999999,0.223841059602649,0.5,2.0,0.38079470198675497,0.3,0.0,604.0
galactomannan_bal_text,0.0,1.5,0.1,0.2,0.7,0.33333333333333337,2.9999999999999996,0.16666666666666669,0.7,0.1,455.0
gamma_gt_blood,12.0,1056.0,36.0,67.0,138.0,0.6568627450980392,1.5223880597014925,0.30392156862745096,138.0,36.0,517.0
gamma_gt_unspecified,0.0,4323.0,76.16216827845071,151.2454796898537,295.94402209943195,0.6968545264278719,1.465360685869211,0.342457412743205,453.0,31.0,27100.0
gastric_retention,0.0,1500.0,7.318965517241379,19.275862068965516,53.91379310344828,0.3850985221674877,2.804310344827586,0.23119868637110016,70.0,5.0,13920.0
gastric_retention_returned,0.0,1440.0,0.0,5.0,20.0,0.25,4.0,0.25,20.0,0.0,9471.0
gcs_eye,1.0,4.0,1.683966497158241,3.8034699371821716,3.8034699371821716,2.137551101804766,0.5626308704756207,1.0,4.0,1.0,13372.0
gcs_motor,1.0,6.0,1.3401597235195217,6.0,6.0,1.6714085559499345,0.7766400460800797,1.0,6.0,1.0,10706.0
gcs_total,3.0,15.0,9.552378182758176,13.083139459738916,14.736073413467752,5.024550590237388,0.44099702159027476,0.7492891301538064,15.0,3.0,30948.0
gcs_verbal,1.0,5.0,1.5754143226395012,1.8225634787897218,5.0,1.174908772996807,3.226866352440322,0.20564086969743045,5.0,1.0,13154.0
global_end_diastolic_volume,96.0,3720.0,318.68021110443664,382.9848107783403,439.68445893761265,3.7001066257423725,0.31410506517904996,0.6006410795360131,2258.0,177.0,11653.0
global_end_diastolic_volume_index,1.6,1965.0,254.8477225149787,296.9966794196203,328.64397603407207,3.957587724482789,0.2841980663200661,0.6391663607606769,1164.0,90.0,13853.0
glucose_arterial,0.0,40.8,6.792538822451462,8.011563798360216,9.397936051563166,3.090704274037096,0.3252355509868888,0.46611140821702485,10.4,6.0,63301.0
glucose_blood,0.0,31.2,7.375808161102279,8.98355414237767,11.030612965907084,2.859796441812864,0.3947240069491562,0.44323056709649783,13.4,6.0,5661.0
glucose_bloodgas,0.9,45.0,6.724738638013649,7.839839552780601,9.244787280383331,3.1115972380675814,0.32139956869821096,0.44231084963388584,10.0,6.2,55096.0
glucose_capillary,1.8,29.5,6.8419174795134445,8.115140845070423,10.363940460947504,2.3293743463677496,0.43250964128465363,0.36210324967150903,13.2,6.7,6248.0
glucose_measured_blood,1.2,76.0,6.860740962055572,8.024636134704853,9.526305006615733,3.0224834961647806,0.3322171450668908,0.43724756652776786,9.8,5.8,23429.0
glucose_measured_bloodgas,1.5,28.4,6.7227175671303785,7.762885797476544,8.967466839210612,3.4629774316100668,0.28922237042586446,0.46313383913991574,9.2,6.4,15455.0
glucose_measured_unspecified,0.0,12972.0,7.0155143821725705,8.478298894321439,10.450734671415141,2.6129145824149025,0.4002543212558949,0.43146830468237907,14.8,5.6,113925.0
glucose_measured_whole_blood,0.0,41.6,6.825425425425425,8.075038196090826,9.690727569674939,2.8590707542971923,0.35432794250611455,0.4371014351022509,11.8,6.8,18981.0
glucose_venous,1.9,50.5,6.648180242634314,7.872270363951474,10.166117850953206,2.3525500159849235,0.4451266580093848,0.3644495297067188,11.95,6.6,577.0
haptoglobin_unspecified,0.1,7.92,2.9599999999999995,3.875,4.67,2.2660818713450293,0.44129032258064516,0.5350877192982456,4.67,2.96,781.0
heart_rate_ecg,25.0,198.0,59.748777348777345,65.56036036036036,74.9951093951094,4.792310167310167,0.23145663823629928,0.39855212355212355,76.0,56.0,7770.0
heart_rate_monitor,0.0,228.0,75.58786917200159,88.42079834455745,102.04452235124575,3.375914971989346,0.30092333668759774,0.48485357708497845,107.0,48.25,216498.0
heart_rate_unspecified,0.0,775.0,75.51951437228782,87.89222440375791,100.59963999437582,3.5575387265557974,0.28614210018239744,0.49405048511258426,144.0,46.0,9252911.0
height_measured,0.0,204.0,128.63439544235925,134.59649474118376,139.84084141060012,12.370173569710868,0.08223644050913968,0.5311174668233622,185.0,64.961,9698.0
height_unspecified,135.000005401706,200.0000044704,169.4391565445636,175.85449877219366,182.20899774689724,14.276238986446744,0.07266687511040291,0.5208459242691742,184.0,168.0,378.0
hematocrit_arterial,0.15,0.53,0.26,0.3000741094907961,0.36,3.000741094907961,0.3332536457088213,0.4007410949079607,0.36,0.26,20915.0
hematocrit_blood,0.02,28.9,0.2771155627605373,0.30949976841130156,0.35302802223251506,4.145023980268187,0.24594393206992468,0.4327836904514725,0.3625,0.24,8636.0
hematocrit_bloodgas,0.16,0.49,0.26,0.29,0.35,3.222222222222223,0.3103448275862068,0.33333333333333315,0.35,0.26,138.0
hematocrit_unspecified,0.0,45.8,2.6015138495422474,2.8558308719417838,3.145185177510041,3.951812962167103,0.2615949640811572,0.4963075824497694,31.5,0.25,48413.0
hematocrit_venous,0.0,35.0,0.18436608557844691,0.20871632329635498,9.990863708399365,2.08716323296355,inf,0.2435023771790807,32.0,0.0,631.0
hemoglobin_arterial,1.2,13.8,5.385015814946077,6.243150032392058,7.300346785564575,3.259476231449779,0.3071686527972519,0.44717591512726207,7.7,5.3,26241.0
hemoglobin_blood,0.0,65.0,5.450573635765944,6.225305719921105,7.308325115055884,3.3813199820074233,0.2982000655591609,0.4171396181001049,7.4,4.85,15210.0
hemoglobin_bloodgas,0.2,15.8,5.482782977733853,6.186151967908843,7.145604906691471,3.893816587120029,0.26727743073049254,0.4190910070008667,7.8,4.8,68804.0
hemoglobin_unspecified,0.0,15.4,5.640015676944954,6.505133688737236,7.460986565352971,3.729610423424548,inf,0.47864340922458154,11.3,0.0,81678.0
hemoglobin_venous,1.8,11.7,5.382317073170731,6.270557491289199,7.517595818815332,2.937448149991704,0.3404604836548189,0.41662518666002984,7.9,5.3,574.0
heparin_speed_cvvh,0.0,37.9999964000007,1.5667790646532767,2.043321911581914,3.7400674907784657,0.9458472883146039,1.0618888288269417,0.19855950962562596,4.0,1.0,6821.0
ideal_body_weight,0.0,176.0,67.90003259948443,71.95735794245755,80.91387501851906,5.53178749862007,0.18086706863666258,0.31150214108582325,81.0,56.91,843725.0
insp_exp_ratio_expiratory_part,1.1,5.0,1.1,2.0,2.0,2.2222222222222223,0.4499999999999999,1.0,2.0,1.1,2945.0
insp_exp_ratio_set,0.0,5000.0,0.8844586625301727,1.1899717841979107,1.5006889497329574,6.2771407406791715,0.3976436069023221,0.59329864280966,40.0,0.5,144651.0
insp_exp_ratio_unspecified,0.0,34.7,1.874055014396863,1.9371316547203332,1.9888807204557986,18.956196777553128,0.062453229195023996,0.5714635789989585,2.0,1.2,32646.0
inspiratory_co2_measured,0.0,6.6,0.0,0.014621716973735792,0.1,0.1462171697373579,inf,0.1462171697373579,0.1,0.0,2551.0
inspiratory_flow,-15.5,197.0,46.500559582833105,53.636872348030096,62.25301135478432,3.407517797597254,0.2942524690622604,0.45297003684053644,62.6,37.0,545585.0
inspiratory_pressure_above_peep,-13.0,6540.6,7.5815394340445215,10.510858703085756,13.946751717475998,1.8354484500083519,0.626242291760604,0.44669045131837404,26.0000006223853,3.0,4367309.0
inspiratory_pressure_measured,-60.0,38.0,5.558664290949029,8.774074827680694,11.563921608742824,1.5066417875709421,0.7098670871701186,0.5394149221898787,13.000005098581,4.6,1012466.0
inspiratory_pressure_set,8.0,50.0,23.98032309133438,25.990161545667192,27.994916433395964,6.48255080371115,0.1545020367555687,0.5004236305503362,30.0,20.0,365098.0
inspiratory_pressure_unspecified,10.0,22.0,14.0,16.0,20.0,2.6666666666666665,0.375,0.3333333333333333,20.0,14.0,101.0
inspiratory_resistance,0.0,716.9,7.4165235474665145,9.593917171126916,11.420008686323625,2.491006290550175,0.4099835011967553,0.5240137873087098,13.0000024216949,5.99999971509543,1070893.0
inspiratory_rise_time_perc,0.0,80.0,24.576124442131803,29.094086897352252,30.446691816598957,4.46227332824474,0.24373391974115066,0.596366703289994,41.2,0.0,49967.0
inspiratory_rise_time_sec,0.0,200.0,3.341761637541401,6.435271304326552,6.469472961760433,3.2334663091293017,inf,0.7474093331366838,100.0,0.0,1267816.0
inspiratory_rise_time_set,0.0,30.0,0.10131999684964953,0.1934000157517524,0.1934000157517524,2.2309994486886664,0.46920007350817783,1.0,0.2,0.1,126970.0
inspiratory_rise_time_unspecified,0.05,15.0,0.13332253090594315,0.1532190872940731,0.15707549977006519,7.469150864284366,0.13689254380032637,0.9948278194064977,2.0,0.13,184835.0
inspiratory_time_perc,0.0,59.2,1.336285482753356,1.3749123280914182,1.4987193911705639,3.094737229838877,0.36439464820969736,0.4291871704229156,35.5,0.2,85147.0
inspiratory_time_set,0.0,652.8,0.8957169093893981,1.021642842768628,1.2911486310437958,3.3993179476282647,0.40657383044371687,0.4513960934550769,17.0,0.56,944150.0
inspiratory_time_unspecified,0.0,1180.0,0.6800196933481819,0.7983719529713913,1.5172670593998767,3.6352109773348085,0.6883582188314401,0.4925686822166662,58.0,0.55,1860686.0
intracranial_pressure,-21.0,340.0,8.158338741077223,11.742375081116158,16.606748864373785,1.454306202846112,0.7004362714940261,0.4438151797009681,22.0,5.0,1541.0
intrathoracic_blood_volume,877.0,4650.0,1546.943789308176,1824.9205974842766,2103.37106918239,8.246961154842909,0.28250550526824436,0.713213861630018,2822.0,1279.0,1272.0
intrathoracic_blood_volume_index,522.0,2397.0,868.3804425410422,995.180585296217,1092.8019271948608,6.1747716157732935,0.232351039363526,0.6848088511667263,1455.0,710.0,2802.0
intrinsic_peep_measured,0.0,241.0,0.5074180497172149,1.1158119717447215,2.002471281307708,0.6385457780013195,1.6773297548543247,0.41724189461465494,14.5,0.0,475260.0
intrinsic_peep_total,-6.0,129.0,10.0,12.0,14.0,3.0,0.3333333333333333,0.5,14.0,10.0,1538.0
iv_fluid_24hours,2000.0,2400.0,2100.0,2200.0,2300.0,11.0,0.09090909090909091,0.5,2300.0,2100.0,246.0
lactate_arterial,0.0,26.0,0.8143189049089754,1.1421748172520292,1.4286345506184717,1.9408183694690613,0.5490121568094036,0.5078917561468429,1.8,0.0,64433.0
lactate_blood,0.3,21.0,0.9003496212436527,1.2017481062182633,1.6111878797968868,1.7049397784434825,0.5880633540717364,0.4237054878859589,3.6,0.8,12013.0
lactate_bloodgas_unspecified,0.1,22.0,0.9078314727310378,1.1078314727310379,1.5,1.8777116788092145,0.5353685578463906,0.33855431515402534,1.5,0.9,53119.0
lactate_dehydrogenase_total,108.0,8549.0,300.0,374.5,487.0,2.0026737967914436,0.4993324432576769,0.3983957219251337,487.0,300.0,2238.0
lactate_dehydrogenase_unspecified,0.0,228000.0,267.60299556230433,338.2901602305998,437.02068613067183,2.0187077464042034,0.5022205300580199,0.417798705527953,581.5,222.0,27023.0
lactate_unspecified,0.0,20.07,1.0808078866612585,1.404720130026654,1.7961459903812724,1.9844561308611026,0.5095260650485756,0.4499924503447195,2.30000001,0.8,34516.0
lactate_venous,0.3,25.0,1.0304929577464765,1.465211267605634,2.1771126760563377,1.345471794497554,0.7587613038104947,0.4056411004889449,3.375,0.9,568.0
leukocytes_blood,0.6,172.0,7.694179199130278,10.629063236093494,14.245950353324877,1.6199504186783282,0.6192668711227592,0.44827431700201475,17.0,7.0,5519.0
leukocytes_manual_diff,0.1,38.1,6.4,8.5,11.5,1.6666666666666667,0.6,0.4117647058823529,11.5,6.4,257.0
leukocytes_unspecified,0.0,3540.0,7.9966707237050985,10.807090997608112,14.385193573651122,1.6990001154658183,0.5913036798081065,0.4408311026895161,18.7,5.9,47243.0
leukocytes_urine,2.0,9795.0,7.527777777777778,13.444444444444445,48.72222222222222,0.36108876374363097,3.0011494252873567,0.1490480021453473,63.5,7.0,216.0
lipase_unspecified,-1.0,14576.0,26.324945494186046,45.153161337209305,86.85546875,0.7768921392272237,1.3345467925185912,0.32459961440939505,320.0,20.0,2752.0
lung_compliance_dynamic,0.0,4999.5,37.40873457394972,52.20432888905137,76.51046958991255,1.397629217745329,0.7506172527593559,0.387129806086785,537.0,21.2,2601499.0
lung_compliance_static,0.0,459.0,34.89534094423289,46.09648307085951,62.08845102278741,1.7013043853052066,0.5930242114133982,0.4139049311087131,62.5,29.0,772839.0
lung_compliance_unspecified,0.0,1210.0,33.212101458662154,42.7496747770625,58.8730363112986,1.692730360485438,0.598235541801094,0.3713062208749237,71.0000156902124,29.394,939860.0
lymphocytes_absolute,0.0,84.52,0.7035703611457037,1.1480647571606475,1.6862459526774594,1.1874412422593215,0.8500759148325838,0.45273511224432694,1.78,0.5,8030.0
lymphocytes_blood,0.4,4.0,0.7,1.0,1.7,1.0,1.0,0.30000000000000004,1.7,0.7,105.0
lymphocytes_manual_diff,0.0,91.0,4.0,8.0,12.0,1.0,1.0,0.5,12.0,4.0,162.0
lymphocytes_microscopy,0.01,9.16,0.3,0.64,1.0875,0.8126984126984128,1.2304687499999998,0.4317460317460319,1.0875,0.3,110.0
lymphocytes_perc_unspecified,0.0,88.9,6.423490843319015,10.260739317205516,15.473931720551661,1.132955088633139,0.8838781229826718,0.4233561907338337,16.0,5.0,8846.0
lymphocytes_unspecified,0.0,255.95,0.6407012165211419,1.0042735210438538,1.477414892573334,1.2196706997370916,0.8318504185168998,0.4337656264159622,1.75,0.5,10193.0
magnesium_blood,0.0,2.58,0.8878502879078695,0.9848432501599489,1.1316458733205375,4.078557379160394,0.24857759533399731,0.3995509325998016,1.225,0.84,3126.0
magnesium_unspecified,0.0,6.03,0.8358126531321671,0.9213910082337725,1.0236671283548457,4.979813480144044,0.2042083895011831,0.45741477401810726,1.28,0.7525,37498.0
max_pressure,0.0,100.0,28.57192162947825,33.05538211367792,38.41017857047299,3.6634131327233814,0.30470463391559105,0.49673859059923103,55.0,16.0,97502.0
mch_blood,1290.0,2525.0,1746.0,1824.0,1890.25,12.64471403812825,0.0790844298245614,0.5407279029462738,1890.25,1746.0,1424.0
mch_unspecified,0.0,2190.0,210.18405053574284,218.2936933471933,226.49210107148565,14.293232088904473,0.07194264544195486,0.4973040306676387,1900.0,1.628,12506.0
mchc_blood,16.3,23.1,18.6,19.25,20.0,13.750000000000016,0.07272727272727265,0.4642857142857138,20.0,18.6,1424.0
mchc_unspecified,0.0,23.8,19.113774653797734,19.797135963071756,20.41986991187579,15.327945836627126,0.06593004552908924,0.5238182080660053,20.8,18.0,9532.0
mcv_blood,65.0,122.7,88.17693905817174,91.80810249307481,95.50921052631578,14.244197515319396,0.0791758146549698,0.47801001706818874,98.9,85.0,2888.0
mcv_unspecified,0.0,134.0,88.84659489819799,92.67846945939621,96.45897328741934,12.432405357669007,0.08206050365847677,0.503316066945754,104.0,86.15,29911.0
mean_airway_pressure,-174.3,6304.3,11.686220991749545,15.502619451546188,18.868559674292946,2.1755196393259193,0.46309959730263983,0.5324852957784062,21.0999984704256,1.0,3994900.0
med_acetazolamide,250.0,500.0,250.0,500.0,500.0,2.0,0.5,1.0,500.0,250.0,156.0
med_acetylcysteine,100.0,200.0,100.0,100.0,200.0,1.0,1.0,0.0,200.0,100.0,900.0
med_albumin,1.0,60000.0,20.0,29.968454258675077,20000.0,0.0014999226355693232,750.0378548895899,0.0004989216345683222,20000.0,20.0,317.0
med_alprazolam,0.25,1.0,0.25,0.5,0.5,2.0,0.5,1.0,0.5,0.25,340.0
med_amiodarone,0.06666667,300.0,0.658176347871836,18.78443253257974,24.98762121730939,3.7632219224361396,0.6213196175599437,0.6626228243309562,200.0,0.4,1683.0
med_amlodipine,5.0,10.0,5.0,5.0,10.0,1.0,1.0,0.0,10.0,5.0,110.0
med_amoxicillin,0.008333334,2000.0,0.008333334,1000.0,1000.0,1.000008333403445,0.999991666666,1.0,1000.0,0.008333334,102.0
med_amphotericin_b,0.001388927,0.05555556,0.03472222,0.03834356,0.04668534,3.2051471522479082,0.3119981556224827,0.30270865794207535,0.04668534,0.03472222,257.0
med_anidulafungin,0.641026,1.156,0.757576,0.757576,0.833333,10.00007920060193,0.09999920800025339,0.0,0.833333,0.757576,153.0
med_artificial_tears_and_other_indifferent_preparations,1.0,2.0,1.0,1.0,2.0,1.0,1.0,0.0,2.0,1.0,134.0
med_ascorbic_acid_(vit_c),12.821,167.0,16.667,16.667,37.037,0.8182130584192442,1.2221755564888699,0.0,37.037,16.667,425.0
med_atorvastatin,5.0,80.0,20.0,20.0,40.0,1.0,1.0,0.0,40.0,20.0,519.0
med_biotin,0.012,15.0,0.048,0.05999999999999999,0.07331976,2.3696907079687963,0.42199600000000004,0.4739381415937591,0.07331976,0.048,5935.0
med_calcium,0.0001501554,27300.0,0.007499999999999999,0.014999999999999998,0.029999999999999995,0.6666666666666666,1.5,0.3333333333333333,0.03,0.0075,268.0
med_calcium_(different_salts_in_combination),0.053333,0.248,0.12,0.143,0.158,3.763157894736841,0.2657342657342658,0.6052631578947365,0.158,0.12,547.0
med_calcium_gluconate,6.723,1009.0,18.514,26.905,30.27,2.2886185777475334,0.4369448057981788,0.7137631847567201,30.27,18.514,436.0
med_captopril,3.0,75.0,7.055978898007034,14.111957796014067,25.0,0.8386088315748338,1.3710433763188745,0.4193044157874169,25.0,6.25,853.0
med_carbohydrates,0.00016333333333,4950495.0,2.587565853240663,5.15841871928164,15.559783805669644,0.5516878484802102,17.32321486685848,0.2265749074253314,500.0,0.03333334,14496.0
med_ceftriaxone,1.388889,4000.0,1.3888889999999998,1.3888889999999998,2000.0,0.0006949270882943671,1438.999884800009,0.0,2000.0,1.388889,827.0
med_chloroquine,150.0,600.0,300.0,300.0,600.0,1.0,1.0,0.0,600.0,300.0,611.0
med_cisatracurium,0.00550055,20.0,0.1923077,0.2252252,0.2702703,2.888887748741062,0.3461539827692462,0.4222216806520047,0.2702703,0.1923077,310.0
med_clonidine,1.666667e-05,3330.0,0.6013861282967048,8.438209595966912,215.97173781358438,0.8542489068528994,124439.02056096801,0.6499326956693641,1000.0,0.001333333,7435.0
med_dalteparin,2500.0,18000.0,5000.0,5000.0,7500.0,2.0,0.5,0.0,7500.0,5000.0,253.0
med_dexamethasone,0.5,540.0,5.929816069699903,6.280735721200387,10.0,1.5350919651500483,0.6549693449499838,0.0701839303000968,10.0,5.0,2066.0
med_dexmedetomidine,0.01339002,1340000.0,0.7620857312846715,1.0866225632822386,21179.951919304694,1.3938622846083057,19855.486614801186,0.4072205932318848,667000.0,0.4670682,8220.0
med_diazepam,5.0,50.0,5.0,10.0,10.0,2.0,0.5,1.0,10.0,5.0,109.0
med_dobutamine,0.00083333333,0.83333333333,0.16666666667,0.16666666667,0.25,2.0000000001199996,0.4999999999700001,0.0,0.25,0.16666666667,558.0
med_dopamine,0.06666667,0.668294,0.200280875,0.2670227,0.4,1.336991136927923,0.7479481145235968,0.3341784368422403,0.4,0.200280875,112.0
med_electrolytes,-0.3613001,9090909.0,4.013778755235137,8.05556461599352,5161.926349075074,0.6429876994897478,310.56346790608563,0.31153834258487456,1666667.0,0.018909675,121291.0
med_electrolytes_with_carbohydrates,0.01666666666667,4166667.0,0.3834093657884671,0.5206515776059564,0.9316603092783504,1.0892171274822027,1.2349848092958124,0.2227932313129604,1.4,0.08333333333333,1746.0
med_enoximone,0.069013,117.0,0.083403,0.166654499999999,0.166667,2.001519264027659,0.4996204722944805,0.999849875096068,0.166667,0.083403,156.0
med_epoprostenol,1.25,2.5,1.25,2.5,2.5,2.0,0.5,1.0,2.5,1.25,386.0
med_ergocalciferol,0.1173333,1050.0,0.6666667,0.8333333,1.0,2.5000001500000146,0.3999999759999991,0.49999984999998526,1.0,0.6666667,5937.0
med_esketamine,0.04166667,240.0,0.5295772609236233,6.143280076998224,11.91682826927176,1.5987727491141595,0.7331032155984474,0.3638252883254858,100.0,0.4994989,1126.0
med_etomidate,5.0,100.0,20.0,22.0,30.0,2.2,0.45454545454545453,0.2,30.0,20.0,109.0
med_fentanyl,0.05,100000000.0,6.1275518212716085,12.255102734837388,1515877.9665983007,0.18459015049466376,454760.25892450946,0.09229507524706013,1670000.0,1.666667,3413.0
med_flucloxacillin,0.002083333,2000.0,2.6196711878071848,376.93649633431085,376.93649633431085,1.6284514849142502,0.6858111916737161,1.0,1000.0,0.004166667,1364.0
med_furosemide,0.00166666667,83300.0,13.874776869104751,30.078494473320443,60.913841802783004,1.1354116072570297,6.905989718681622,0.6460509863489711,1000.0,0.0500045,9558.0
med_fusidic_acid,1.0,1000.0,10.0,20.0,1000.0,0.020202020202020204,49.5,0.010101010101010102,1000.0,10.0,114.0
med_general_nutrients,0.04375,9690476.0,23.15135549000231,37.14918134318747,63.5665875218134,2.405750271123713,2.1698154086724775,0.5001989679510938,1500.0,0.35,17299.0
med_haloperidol,0.5,10.0,1.0,1.6151439299123904,2.2050479766374633,1.2733973021832847,0.8359616186900292,0.410095953274927,2.5,1.0,2397.0
med_heparin,0.93333333333333,4166667.0,18.81541586021505,55.02784837073394,501.7385115630357,1.8349794210107457,14.224296743248184,0.4773304951075649,5000.0,5.0,4278.0
med_hydrochlorothiazide,12.5,100.0,12.5,25.0,25.0,2.0,0.5,1.0,25.0,12.5,675.0
med_hydrocortisone,25.0,100.0,50.0,100.0,100.0,2.0,0.5,1.0,100.0,50.0,296.0
med_insulin_(human),0.0,24.0,0.036554604694718995,0.0638895311938179,0.1037255737529354,0.9577299981846312,1.0516548388287656,0.40502616535745656,0.10644695,0.033228005,18311.0
med_insulin_aspart,0.0,5949858.0,0.1545465358448547,0.22383641239991117,0.32074424232328214,1.0745478011784284,0.9505058623643174,0.3761073439517522,12.0,0.033333,18009.0
med_iobitridol,35.0,261.0,65.70135746606334,65.70135746606334,97.85067873303167,2.0672268907563027,0.4950980392156863,0.0,100.0,60.0,442.0
med_ipratropium_bromide,0.0,250.0,40.0,40.0,250.0,0.19047619047619047,5.25,0.0,250.0,40.0,195.0
med_isoflurane,0.005023911,5.0,0.05,0.06671251,0.1,1.3342502,0.7494846169031866,0.3342502,0.1,0.05,1047.0
med_labetalol,0.083333,600.0,0.2480753584710744,0.4559468487603306,0.7686836210743802,0.8626517193938972,1.1656535714573244,0.3994094974358626,0.96345885,0.166667,242.0
med_levothyroxine_sodium,25.0,175.0,62.44769874476987,87.44769874476988,112.55230125523012,2.493723849372385,0.6265690376569037,0.6652719665271967,125.0,50.0,239.0
med_lopinavir_and_ritonavir,1.0,2.0,1.0,2.0,2.0,2.0,0.5,1.0,2.0,1.0,929.0
med_lorazepam,0.5,4.0,1.0,1.0,2.0,1.0,1.0,0.0,2.0,1.0,437.0
med_macrogol_combinations,1.0,2.0,1.0,1.0,2.0,1.0,1.0,0.0,2.0,1.0,1025.0
med_meropenem,1.042,33.333,16.667,16.667,33.333,1.0000600024000963,0.9999400011999757,0.0,33.333,16.667,459.0
med_methylprednisolone,0.05620155,82800.0,0.0625,0.0625,56300.0,1.1101255663028045e-06,900799.0,0.0,56300.0,0.0625,129.0
med_metoprolol,6.25,100.0,23.376766784452297,36.64605418138987,44.94257950530035,1.7405771495877502,0.6297114252061249,0.6681389870435807,75.0,12.5,3396.0
med_midazolam,-0.451625,100000.0,0.25234529323903254,0.3978875461757041,0.4986690999498783,2.4160456377553494,0.637887015705466,0.654791882259284,10.0,0.06666666667,30482.0
med_milrinone,0.00333333333,16700.0,0.00935361082581749,0.012686946844106465,5360.464233206589,0.8954377683184027,321627.38763919426,0.2984791884657635,13300.0,0.00666666667,263.0
med_morphine,0.0,20.0,0.14510838232491524,0.17840059341166842,1.6204762390973928,0.8284714872494701,19.17648646100205,0.33118322519658244,5.0,0.016667,8553.0
med_nadroparin,4.72166998011928,7005700.0,5527.43622308117,5700.0,8951.297625621204,4.115866856484253,0.6006774390421111,0.06626173384870238,11400.0,86.0,3622.0
med_neostigmine,0.003331071,0.5,0.006666667,0.006666667,0.01003788,1.9775276732736848,0.5056819247159038,0.0,0.01003788,0.006666667,329.0
med_nifedipine,5.0,30.0,10.0,20.0,24.906462585034014,1.5093537414965987,0.7453231292517006,0.7546768707482994,30.0,10.0,1176.0
med_norepinephrine,0.0,77200.0,0.003970938225310131,0.0078083914475125015,297.9206646051711,0.724883986083486,16158.161619114739,0.3334943506220111,5000.0,0.00166666667,44997.0
med_omega-3-triglycerides_incl_other_esters_and_acids,0.007,7.592191,3.743443417956656,4.392254089783282,4.80188646749226,4.617849646751397,0.28408059271457203,0.6081563501042461,6.422019,2.340936,323.0
med_other_mineral_products,1.43733333e-06,13.875,0.00924,0.01617,0.030184,0.7720588235294119,1.295238095238095,0.3308823529411765,0.030184,0.00924,24189.0
med_oxazepam,5.0,50.0,10.0,14.794344473007712,20.0,1.4794344473007712,0.7602827763496144,0.4794344473007712,20.0,10.0,1556.0
med_piritramide,0.112,15.0,2.5,5.0,7.5,1.0,1.0,0.5,7.5,2.5,114.0
med_potassium,0.0004504663,81800.0,0.0225,0.045,0.09,0.6666666666666666,1.5000000000000002,0.3333333333333333,0.09,0.0225,268.0
med_potassium_chloride,0.00016666667,100000.0,4.141593508435944,6.002151718701797,1407.6949623312848,1.715026915058983,12004.151989249967,0.5956293245872187,16700.0,0.004167,8235.0
med_prednisolone,0.01736111111,115.0,12.793624161073826,36.098993288590606,54.848993288590606,0.9937464660619021,1.0739723154362415,0.5237703431914842,95.0,5.0,596.0
med_pregabalin,25.0,100.0,25.0,50.0,75.0,1.0,1.0,0.5,75.0,25.0,106.0
med_propofol,2.076849e-05,4934816.0,2.359374254036712,3.8576253169077432,4.87530118477877,1.7451212953127513,0.598944698326231,0.5320897719565019,120.0,0.1333333,42180.0
med_quetiapine,12.5,150.0,25.0,29.789719626168225,50.0,1.191588785046729,0.9042056074766355,0.19158878504672897,50.0,25.0,1284.0
med_ramipril,1.25,10.0,2.5,2.5,5.0,1.0,1.0,0.0,5.0,2.5,342.0
med_remifentanil,0.0003347924,0.9999999,0.008519736516160626,0.012472958536381978,0.0163557284539667,1.5642179431586645,0.6495306692893498,0.5138738528437787,0.03184713,0.005,20420.0
med_rocuronium_bromide,0.006662359,8330.0,3.5482966236554367,5.346510361673385,20.15274448402321,1480.214626961218,18.943556586893273,0.2606991908321574,100.0,0.3,10340.0
med_salbutamol,100.0,1000.0,200.0,500.0,500.0,1.6666666666666667,0.6,1.0,500.0,200.0,202.0
med_simvastatin,20.0,40.0,20.0,20.0,40.0,1.0,1.0,0.0,40.0,20.0,101.0
med_sodium,0.007334963,89300.0,0.0075187055,0.0125,1.25,0.010060513631338214,99.39850356000001,0.004009150497516806,1.25,0.0075187055,895.0
med_sodium_chloride,0.00165,100.0,0.09289396099441262,0.1305276784418983,1.781253200367777,0.5672387638371218,19.749720104659158,0.18115406071440185,5.0,0.05,28278.0
med_sodium_chloride_hypertonic,0.1,10.0,0.1,10.0,10.0,1.0101010101010102,0.99,1.0,10.0,0.1,166.0
med_sodium_glycerophosphate,0.033333,20.0,0.166667,0.166667,0.333333,1.0000060000240003,0.9999940000119998,0.0,0.333333,0.166667,188.0
med_sodium_phosphate,0.0004168357,30.0,0.016055207879604672,0.022225963638814017,0.044451935049416,0.777852523971265,1.2961967169332658,0.22214718955976126,0.06666667,0.01388889,1113.0
med_solvents_and_diluting_agents_incl_irrigating_solutions,0.01666666666667,120.0,0.26923076923077,0.47619047619048,0.47619047619048,2.300884955752197,0.43461538461538757,1.0,0.47619047619048,0.26923076923077,1328.0
med_sufentanil,2.9e-07,74.99995,0.2492314699501928,0.572501607647815,1.0927324891436376,0.9009469443460848,1.2983891302884003,0.4274216601064042,10.0,0.16666667,6224.0
med_sulfamethoxazole_and_trimethoprim,480.0,1920.0,480.0,960.0,960.0,2.0,0.5,1.0,960.0,480.0,269.0
med_thiamine_(vit_b1),25.0,500.0,100.0,100.0,250.0,0.6666666666666666,1.5,0.0,250.0,100.0,206.0
med_unknown,0.5,2500.0,4.0,500.0,1000.0,0.5020080321285141,1.992,0.4979919678714859,1000.0,4.0,191.0
med_urapidil,0.02866973,10.0,0.1666835,0.3600839,0.5342823,0.9795567885422912,1.0208698583857818,0.5261181483726279,0.5342823,0.1666835,162.0
med_vancomycin,1.66667e-06,4000.0,94.3768499805115,107.5075652183016,130.559922070573,1.4306093842842198,2.958121598434938,0.3755739318333465,2000.0,0.833333,3089.0
med_vasopressin_(argipressin),0.00083333333333,0.1,0.01666666666667,0.03333333333333,0.05,1.0,1.0,0.49999999999985,0.05,0.01666666666667,430.0
med_vitamin_b12_(cyanocobalamin_and_analogues),0.00083333,1.375,0.00333333,0.00416667,0.00500237,2.496447059387432,0.40056927954457633,0.49929300675837607,0.00500237,0.00333333,5937.0
med_voriconazole,1.29032258065,600.0,71.45019056791708,89.85698738698446,92.61744192009687,4.847739755222788,0.2534746505172596,0.5388924545159041,400.0,2.0202020202,1054.0
med_xylometazoline,1.0,2.0,1.0,1.0,2.0,1.0,1.0,0.0,2.0,1.0,163.0
med_zopiclone,3.75,15.0,7.5,7.5,15.0,1.0,1.0,0.0,15.0,7.5,205.0
methemoglobin_arterial,-1.0,2.3,0.4540086585723121,0.6232772370691059,0.9378568405976369,1.6184477501817434,inf,0.44591104890248806,1.3,0.0,30721.0
methemoglobin_bloodgas,0.0,9.2,0.1462694877505568,0.3231347438752784,0.3694042316258352,1.4614420935412027,0.6859456198960653,0.8457683741648107,0.6,0.1,17960.0
methemoglobin_unspecified,0.0,7.7,0.09279729579962318,0.13970611611595754,0.18843726350121118,1.685016597795034,0.6051921167447424,0.4969627882184492,1.0,0.005,63161.0
methemoglobin_venous,0.0,2.2,0.48431654676258995,0.6473381294964029,0.910359712230216,1.4855635491606711,0.6992086330935252,0.375347721822542,1.1,0.2,695.0
mews_score,0.0,17.0,2.352411388727484,4.103137710633352,5.87118680999419,1.146090572341662,0.8953733294596165,0.491338611272516,7.0,1.0,27536.0
microbiology,0.1,46700.0,3046.0194594594595,4198.181621621621,5866.903783783784,1.1293236898870702,0.913104271463893,0.10818424057860677,22150.0,0.1,555.0
minute_volume_expiratory,0.0,9800.0,9.470800775540855,11.287840571161912,13.38457266254024,2.9351724264822896,0.34627375176110936,0.46632826163643865,133.0,5.4,4221570.0
minute_volume_inspiratory,0.0,820.0,9.326527798404527,11.220390957506158,13.392711351518559,2.838644863056376,0.3615377207552773,0.4678255221428545,15.42,3.79,1299553.0
minute_volume_set,0.0,654.0,36.1890108454201,44.48876257676728,52.737309987368796,3.9257385195039562,0.28667746239982306,0.3764063469418534,143.0,6.75,22959.0
minute_volume_spontaneous,0.0,682.0,0.7814044896313064,8.666160656206905,13.14997404574194,0.7561022263631518,inf,0.6243475876181059,14.31,0.0,307464.0
minute_volume_unspecified,0.0,12670.0,18.491746578092627,23.20352349901225,28.93762485838573,2.5824300197123278,0.38954755824375586,0.4498437655025455,7520.0,7.3,809417.0
monocytes_absolute,0.0,6.29,0.45502992105933293,0.7116806722689075,1.0188808250572956,1.2662572600124173,0.791957842930562,0.4550777903330143,1.04,0.29,7854.0
monocytes_blood,0.0,3.2,0.3984083044982699,0.647750865051903,0.9716262975778545,1.1347793062705716,0.8828527489427143,0.43261034686471433,1.0125,0.3975,289.0
monocytes_manual_diff,0.0,18.0,3.0,5.0,8.0,1.0,1.0,0.39999999999999997,8.0,3.0,162.0
monocytes_microscopy,0.0,2.92,0.16,0.375,0.9675,0.46439628482972134,2.1533333333333333,0.26625386996904027,0.9675,0.16,110.0
monocytes_perc_unspecified,0.0,44.0,3.9800610376398784,6.058121397083757,8.119735503560527,1.4604554924135544,0.6901446018909565,0.5004945673426441,8.7,2.0,8847.0
monocytes_unspecified,0.0,7.0,0.37120728714366624,0.602748725693789,0.9039838587879933,1.1583679158639435,0.8952483609390434,0.4366668337449566,1.2,0.3,10594.0
nava_edi_min,0.0,86.97,0.20361655884573787,0.3455037652292811,0.7349280626925982,0.6504491481026803,1.5433490052668688,0.2669835582848965,1.0775,0.2,49001.0
nava_edi_peak,0.21,147.69,6.289666893134043,14.081091839181518,28.275933578450964,0.6511862296141034,1.5789227771690386,0.3558527008265879,37.74,6.01,50044.0
nava_edi_trigger,0.1,654.06,0.5,0.5,0.8269521410579344,1.8652392947103278,0.6539042821158689,0.0,1.0,0.5,397.0
nava_level,0.0,652.8,0.992941017245143,0.9960657061776905,1.129187644619079,9.355911245996598,0.13799611556410243,0.00759292926331012,1.8,0.3,22905.0
neutrophils_absolute,0.05,59.0,6.065066633349992,8.320540563051807,11.337905214059639,1.5811527266843726,0.6364148499052601,0.42795840502183413,12.6,4.2,12006.0
neutrophils_blood,0.7,16.9,3.84999999999999,5.3,8.2,1.2183908045976986,0.8207547169811339,0.3333333333333349,8.2,3.84999999999999,231.0
neutrophils_perc_unspecified,0.0,98.6,74.04360667129951,81.37265462126477,87.53846421125782,6.079254082774682,0.16589258134935064,0.540855616868996,88.4,73.8,2878.0
neutrophils_unspecified,0.0,247.0,31.50885913116828,35.801136229439045,40.34971573175875,3.1597493198600364,0.4629324038627268,0.46600944370333713,82.4,4.6,11855.0
nibp_diastolic,0.0,197.0,55.31310633516543,62.7505470709407,71.69885047721601,4.062918784178453,0.25945298339655554,0.4440558054738454,81.0000135011273,54.0,30715.0
nibp_mean,0.0,6469.0,75.0872048209475,84.22417529821762,94.74930770013005,4.408234521234498,0.23376912174558634,0.4617808229183794,103.0,64.0,90701.0
nibp_systolic,0.0,263.999993999498,107.13858344603186,121.6467517520723,138.6026710671925,3.901942093842379,0.25969140765961324,0.4602549101306316,159.999984998747,97.999979392948,39356.0
nibp_unspecified,0.0,276.0,37.03833391966227,59.28960918510938,100.05507227836766,2.1559197904362093,6.858704403027995,0.4125409785578347,137.5,0.0,62536.0
nice_Eol_cpr_dis,0.0,1.0,0.0,0.0,1.0,0.0,inf,0.0,1.0,0.0,326.0
nice_adm_source,0.0,1.0,0.0,1.0,1.0,1.0,1.0,1.0,1.0,0.0,1732.0
nice_eye_low,0.0,4.0,0.0,0.0,4.0,0.0,inf,0.0,4.0,0.0,1290.0
nice_katheter_at_admission,0.0,1.0,0.0,0.0,1.0,0.0,inf,0.0,1.0,0.0,110.0
nice_mech_ventil_0,0.0,1.0,0.0,0.26827171109200343,1.0,0.26827171109200343,inf,0.26827171109200343,1.0,0.0,1163.0
nice_mech_ventil_24,0.0,1.0,0.0,0.753411306042885,1.0,0.753411306042885,inf,0.753411306042885,1.0,0.0,1026.0
nice_motor_low,0.0,6.0,0.0,0.0,6.0,0.0,inf,0.0,6.0,0.0,1290.0
nice_vasdrug,0.0,1.0,0.0,0.0,1.0,0.0,inf,0.0,1.0,0.0,424.0
ntpro_bnp_unspecified,1.0,60741.0,55.32996178176067,131.52807063784923,400.42445308381656,0.3809709810772791,2.626032989038372,0.22918906741812128,2486.25,17.0,7588.0
o2_flow_cpap,0.0,555.0,46.908396946564885,50.0,60.0,3.969465648854962,0.26183206106870227,0.20610687022900764,60.0,45.0,655.0
o2_flow_high_flow_oxygen,0.0,4000.0,40.42675138084839,46.028053239279046,55.38112006984187,3.4917986518877973,0.3191637597854208,0.30676372874471275,60.0,32.625,151052.0
o2_flow_nasal_cannula,0.0,60.0,1.8923675292667899,3.1061306223043745,4.766866913123844,1.0881469321395383,0.9316338057095912,0.4288306784609926,5.0,1.5,6492.0
o2_flow_nebulizer,0.0,135.0,8.0,35.0,50.0,0.8333333333333334,1.2,0.6428571428571429,50.0,8.0,302.0
o2_flow_non_rebreathing_mask,6.0,20.0,14.0,15.0,15.0,15.0,0.06666666666666667,1.0,15.0,14.0,448.0
o2_flow_oxygen_mask,0.0,50.0,8.999217527386541,11.412363067292645,12.412363067292645,3.390975482524778,0.3197378716744914,0.6666666666666666,15.0,6.0,1278.0
o2_flow_swedish_nose,0.0,30.0,2.260928043039677,3.260928043039677,4.260928043039677,1.6304640215198385,0.6231786594933871,0.5,5.0,2.0,1487.0
o2_flow_tracheal_cannula,0.0,20.0,2.0,2.0,4.0,1.0,1.0,0.0,4.0,2.0,229.0
o2_flow_unspecified,0.0,9999.0,7.028212839816697,9.454220962684767,14.885372592426696,1.260348994468623,1.88106349799035,0.3788177748410609,185.0,0.0,116092.0
osmolality_unspecified,125.0,1219.0,320.5,476.5,630.5,1.5370967741935484,0.6505771248688352,0.5032258064516129,630.5,320.5,202.0
oxyhemoglobin_fraction_arterial,0.33,0.99,0.91,0.9200741094907962,0.940074109490796,30.611702127659658,0.03268578476719078,0.33456849151326923,0.95,0.91,20915.0
oxyhemoglobin_fraction_venous,0.1,97.1,14.621016333938295,16.22738656987296,17.261034482758625,5.034244677321779,0.2010365484308066,0.6018031731163278,81.9,0.62,551.0
p01_measured,-98.9402173913043,517.634870215619,-0.38388921301993895,1.1905807879037498,49.74601811787263,0.43689151108111884,17.52646308422393,0.422192002027888,517.634870215619,-40.9755434782608,2014572.0
pain_score_bps,3.0,7.0,3.0,3.0,4.0,3.0,0.3333333333333333,0.0,4.0,3.0,115.0
pain_score_nrs,0.0,10.0,0.0,0.0,1.374828060522696,0.0,inf,0.0,2.25,0.0,10178.0
pain_score_unspecified,0.0,10.0,0.0,0.006075881002745398,1.6983662631081506,0.0015189702506863494,inf,0.0015189702506863494,4.0,0.0,22219.0
pain_score_vas,0.0,10.0,1.36205931729155,1.7139899272523782,3.5316731952993843,0.9221460548405148,inf,0.08798265249020705,6.0,0.0,17870.0
pco2_arterial,0.0,174.999772177594,19.41443998581497,23.04089360456317,27.703544858967362,2.8379255308796782,0.36566535813870343,0.42081518584066674,71.0,0.0,107318.0
pco2_central_venous,3.4,12.6,6.3,7.5,8.6,3.2608695652173916,0.30666666666666664,0.5217391304347827,8.6,6.3,225.0
pco2_unspecified,1.0,117.0,6.586173680624705,7.6962874063204225,8.983258214978251,3.4835967277874476,0.2991332732613234,0.46993718881406193,59.0,4.0,95405.0
pco2_venous,2.8,122.000003205541,26.117200644089632,31.39969069547712,36.63930501506822,3.5635888866661256,0.3009183046179083,0.4963635882024882,63.9999999999998,4.9,982.0
peak_flow_set,-43.0,190.9,40.74807161328824,47.90689954247066,56.75991963397652,3.148898134258302,0.33132437994686553,0.47709817216153233,84.6,0.489,10054.0
peak_inspiratory_pressure,-193.1,27148.0,19.885281629361714,25.12200098652924,30.328979492635796,2.4914383630536294,0.4182718829705274,0.5033013204102057,44.0,1.0,4863871.0
peak_pressure_measured,0.0,48.9999949014189,21.6999994901418,27.2000020394324,32.0,2.640776766311719,0.3786764609401896,0.5339808035957385,32.0,21.6999994901418,184305.0
peep_measured,-200.0,10100.0,8.94713300788929,11.469621909453105,14.439088585671778,2.1487708500103553,0.47550573990368816,0.46762787254041316,71.9565217391304,1.55,3133830.0
peep_set,-7.0,6540.6,8.75396358458667,10.948608500803516,13.533194880699634,2.3591641052640635,0.4348555758337728,0.4671352174919791,16.0,4.0,5368994.0
peep_total,-84.3,2313.0,12.87939647234486,15.285068951326041,17.267890031023615,3.469330975011388,0.3247463303754611,0.5829441101029972,53.0,0.0,500379.0
peep_unspecified,-1.01971621297792,30.0001529582118,8.000421665950501,11.978188484071701,14.001264688231645,1.9966057445803496,0.5010243379736058,0.6627409735352519,14.1000754593844,8.0,803539.0
peripheral_flow_index,0.0,26.8,1.5,2.7,4.2,1.0,1.0,0.44444444444444453,4.2,1.5,20578.0
ph_arterial,0.0,7.73,7.329542373827186,7.4146641660172286,7.461054853292254,65.78745287581772,0.017746308391971045,0.5975363147240126,7.49,0.0,110607.0
ph_blood,6.92,7.64,7.37,7.43,7.470000000000001,74.30000000000027,0.013458950201884205,0.5999999999999982,7.47,7.37,11040.0
ph_bloodgas,7.01,7.67,7.33,7.4,7.45,61.666666666666615,0.01621621621621623,0.5833333333333351,7.45,7.33,4314.0
ph_central_venous,7.01,7.52,7.23,7.3,7.38,48.66666666666684,0.020547945205479378,0.4666666666666643,7.38,7.23,226.0
ph_unspecified,5.0,9.0,7.371185871914458,7.429565891252417,7.4675931350244555,82.59658931989871,0.012987057406280566,0.6116194006195824,7.5,7.27,70328.0
ph_urine,5.0,9.0,5.0,5.0,6.241935483870968,4.193548387096774,0.24838709677419354,0.0,6.5,5.0,248.0
ph_venous,6.72,7.61,7.3073994376748574,7.37356386058164,7.421810148827359,75.01372192087044,0.015536274389838423,0.560376550055449,7.45,7.23000001907349,1417.0
phosphate_blood,0.12,7.0,0.9276311030741411,1.1213471971066908,1.3642103676913804,2.578895735279058,0.38879741138702456,0.4450427330722456,1.64,0.87,3318.0
phosphate_unspecified,0.0,50.9,0.8597240375479496,1.0567534690302998,1.3245378494184856,2.365699466477617,inf,0.4360075898669543,1.7,0.0,39208.0
picco_global_ejection_fraction,7.0,50.0,14.947118891320205,16.95915390226112,24.433625091174324,2.1797597876705477,0.6177946878394338,0.2652276369810382,29.5,12.5,1371.0
picco_pulse_pressure_variation,0.0,49.0,4.214134906296933,6.5583003389417325,10.007661667718695,1.2195029790982295,0.8652765411084442,0.4134170829006732,17.0,3.0,45943.0
plateau_pressure,-196.2,6328.0,21.74664366891104,24.558476885920637,27.359996245053324,4.517932130283029,0.23029299514870447,0.50392910701224,40.0,14.9999949014189,1014305.0
plateau_time,0.0,60.0,10.0,15.0,25.0,1.0,1.0,0.3333333333333333,25.0,10.0,469.0
po2_arterial,0.0,507.0,30.714597062991935,34.15743071437807,38.73660777718418,4.356437801661722,0.2358949835841904,0.4249889103255718,92.0,0.0,108541.0
po2_central_venous,3.2,12.7,4.908762886597938,5.525257731958764,6.308762886597939,3.946612665684832,0.25356202648660586,0.4403534609720179,6.6,4.7,388.0
po2_unspecified,1.8,450.0,14.395187493284624,16.18553132051144,18.41426130869238,3.9389435177328225,0.25813161826911496,0.4520648793225909,83.0,5.0,93070.0
po2_venous,15.0,248.0,38.56333624638262,43.83461790020728,51.60303168382901,3.5810997256924155,0.2957271397334901,0.4119964278405587,58.0,36.9999777901775,592.0
position_text,0.016666665,1.0,0.0166666666666666,0.0166666666666666,1.0,0.016949152542372812,59.000000000000234,0.0,1.0,0.0166666666666666,477.0
postdilution_flow_cvvh,0.0,1586565000.0,908.2923735155283,942.0003040806193,1298.6028923647252,2.5584962008876193,0.4693960306868836,0.10099812087679746,2800.0,300.0,420941.0
postdilution_volume_cvvh,-5.0,266906.0,15977.95250987807,43829.80028602957,83260.69879369227,1.5960394291213418,1.3184717310369822,0.4174322470570858,106586.0,1050.0,477573.0
potassium_arterial,0.0,10.8,3.7094254032258065,4.076191009557945,4.37898185483871,6.2425736728632115,0.16467303314025622,0.5256548270941191,4.7,3.0,53568.0
potassium_blood,0.0,8.4,3.7970388543390197,4.186574998573629,4.502253665772808,6.481511652875336,0.16765231710693326,0.5159700448792313,4.6,0.0,17527.0
potassium_bloodgas,1.6,10.4,3.878585112628619,4.094674473936285,4.5002950900719965,6.679561223648992,0.15176143342813844,0.34657927998316673,4.7,3.7,64726.0
potassium_unspecified,0.0,157.0,3.833955133835867,4.157802389556963,4.575756964696562,5.716053409255444,0.17842368668746542,0.4333122359058054,5.6,3.0,61462.0
potassium_venous,1.9,11.0,3.875257731958763,4.2,4.7,5.105670103092782,0.19636720667648505,0.39218213058419266,4.7,3.8,582.0
potassium_whole_blood,0.0,12.3,3.7182999893013804,4.01829998930138,4.436599978602761,5.606446491616866,0.17868231492039968,0.4187678628742603,4.6,3.7,18694.0
pre_filter_pressure_cvvh,-428.999927994095,1900.00015001252,107.32458298549979,126.82937624791455,166.41697511452767,2.168652317225919,0.4660134150396581,0.33922573646707344,177.999945995571,49.9999924993849,39542.0
pre_filter_pressure_cvvhd,0.0,530.0,65.0,75.0,90.0,3.0,0.3333333333333333,0.39999999999999997,90.0,65.0,2877.0
predilution_flow_cvvh,-4.0,486124.0,19138.769670350764,71793.10775495338,163999.9256888454,1.2578371297680266,1.6831500574717415,0.4019269080523494,204187.5,59.9999968707601,460731.0
predilution_volume_cvvh,0.0,211957.0,18531.0,43555.5,83504.0,0.6703630738922322,1.4917289435318157,0.38515229402982776,83504.0,18531.0,3312.0
pressure_drop_cvvh,-408.999969547355,341.999918993357,45.28194696360537,63.00485684044126,86.75745731787804,1.5223705726115613,0.6624205162637422,0.42616834224592137,99.0000180014761,21.0,46451.0
pressure_support_set,5.0,36.0,14.0,14.9999949014189,16.9999949014189,5.000006798119685,0.19999972807558233,0.33333220031338523,16.9999949014189,14.0,240321.0
pressure_trigger,-20.0001019721412,10.0,-0.0014337794960417771,1.629466469792894,1.8689906655214692,1.300746876462606,0.1449987377973767,0.952095160854285,5.0,-5.00002039442824,3699.0
procalcitonin_unspecified,0.0,275.0,0.17588248559258332,0.39388674517664746,1.1499156852919066,0.42514438955314277,2.424974044722076,0.22730256582075367,3.155,0.1,19955.0
protein_total_blood,0.0,99.0,59.039731051344745,63.29767726161369,68.55562347188264,7.058374083129585,0.15048192993220202,0.45062143439282804,73.0,55.0,1636.0
protein_urine,0.04,6.62,0.19000000000000003,0.48,0.91,0.6666666666666666,1.5,0.4027777777777778,0.91,0.19,107.0
prothrombin_time_inr,0.0,19.7,1.0379250920961174,1.121403786523294,1.2102189206009433,7.7822845860447,0.15199000622977232,0.5597554688467983,1.5,1.0,17061.0
prothrombin_time_sec,0.23,102.0,11.297536672156628,11.890940368014574,12.641570236629422,9.987374544822142,0.11000994697062197,0.44625067632567694,17.0,10.4,17450.0
pulmonary_artery_pressure_diastolic,-63.9999992968163,266.000026845502,19.0000008460178,20.999997776914,21.9999962423621,7.000010000849981,0.14285693875845526,0.6666666666666663,21.9999962423621,19.0000008460178,5020.0
pulmonary_artery_pressure_mean,-23.9999954996309,310.999951996063,21.034429487176816,24.904333795151118,28.285331087225597,4.512568332234133,0.298590465088125,0.49467165762361837,36.0,10.0,17425.0
pulmonary_artery_pressure_systolic,0.0,266.000026845502,32.0000033987211,36.0000047611395,39.9999986229319,4.500003281525822,0.22222206017168253,0.5000004687894052,39.9999986229319,32.0000033987211,5020.0
pulmonary_artery_pressure_unspecified,-22.9999984998769,166.999993999507,20.49161606356449,27.481810725697724,30.48181296394162,2.677296766374922,0.37673016697582684,0.6701597013867848,40.9999894991389,12.9999984998769,23870.0
pulse_rate,0.0,1118.0,76.73175826776598,89.03150131134714,102.05398982800342,3.563528753331734,0.28570943205197924,0.48588504276780886,111.0,64.0,414078.0
pulse_rate_monitor,0.0,302.0,75.03970126078202,88.32360567314764,101.79305195432359,3.302284551351493,0.3034118124759496,0.496023788098287,106.0,68.75,134599.0
pupil_diameter_left,1.0,10.0,1.840894527745739,2.0,2.8408945277457387,2.0,0.5,0.1591054722542612,3.0,1.0,15606.0
pupil_diameter_right,1.0,9.000001,1.8411269055123174,2.0,2.8411269055123176,2.0,0.5,0.1588730944876825,3.0,1.0,15547.0
rapid_shallow_breathing_index,0.0,9996.0,30.239120385143963,42.21445852781288,57.155697151557185,1.5822375443419325,0.651058905075574,0.446861072131903,72.0,9.0,1410174.0
rass_score,-5.0,4.0,-4.897797660013764,-3.9352325238422967,-0.7827155638580278,-0.9926113459836792,-1.0590944843181593,0.23114369285222694,0.0,-5.0,40684.0
red_blood_cell_distribution_width_sd,35.0,141.0,46.02886879730865,49.26846089150546,53.90300672834315,6.467739701695554,0.1595462160542287,0.412175666357862,57.175,44.8249999999999,1189.0
red_blood_cell_distribution_width_unspecified,0.0,35.9,13.838682920698758,14.906660801809728,16.34387227179423,6.048422862460758,0.16797832533176174,0.4283351839080258,17.3,12.8,23871.0
resistance_unspecified,0.0,922.0,6.991304489641299,9.483305892114828,11.711447461725863,2.1866512282167103,0.49921947931728244,0.5350726722998499,50.0,4.3,949009.0
respiratory_rate_measured,0.0,3515.0,18.782071389589323,22.691327777984156,26.740457614111325,2.9042238321015654,0.35082411122050566,0.49162177256336703,35.0,8.0,3311043.0
respiratory_rate_measured_ecg,0.0,108.0,20.168725032781385,24.032811880584273,28.316866404415578,2.9508878201358306,0.33923065087871596,0.47484709280290655,31.0,19.0,32793.0
respiratory_rate_measured_spontaneous,0.0,452.0,7.021837800470866,17.781884648381325,24.9294106049972,1.474737277938847,1.1954259146919284,0.5846823468026159,30.0,0.0,4357078.0
respiratory_rate_measured_ventilator,0.0,2013.0,20.024469417175176,23.33371167200073,27.027644571626887,3.441380290877181,0.2997367991897193,0.47166577020985057,31.3,10.0,3895716.0
respiratory_rate_measured_ventilator_spontaneous,-2.0,6528.8,4.511989179556747,14.62120421579881,26.135189919649378,0.82996102278044,inf,0.4677182875906922,33.05,0.0,249158.0
respiratory_rate_niv,0.0,53.0,15.0,21.0,22.0,3.0,0.3333333333333333,0.8571428571428571,22.0,15.0,988.0
respiratory_rate_set,0.0,6528.5,15.036137428378446,21.662307537826557,25.116121397759468,3.848664604228629,0.5162524062056801,0.5674991798106845,35.0,0.0,2823347.0
reticulocytes_absolute,0.0,394.0,41.69270516717326,68.3452887537994,105.69199594731509,1.0676372292874627,0.9369128557877414,0.41639615069817454,111.0,40.95,6909.0
reticulocytes_unspecified,0.0,359.0,18.566478489390693,32.18999416001557,55.384562974498735,0.9018583726587819,1.1227541350434935,0.3835797334843471,92.75,12.0,5137.0
return_pressure_cvvh,-376.999963997047,1586565423.59721,59.81276002531514,73.96234946995622,89.27013636214872,2.572601886294687,0.3857126329782488,0.49213612024861775,176.000292524864,-49.0,527793.0
return_pressure_cvvhd,-25.0,4040.0,45.0,55.0,60.0,3.6666666666666665,0.2727272727272727,0.6666666666666666,60.0,45.0,2878.0
saturation_o2_peripheral,0.0,1000.0,93.438149222198,95.35250333953833,96.74390856479863,30.015406697106183,0.034757171111559855,0.5879982894551118,100.0,0.91,3793189.0
saturation_o2_peripheral_monitor,0.0,9610.0,92.8460772863548,94.84890474104357,96.03113238041342,30.339674847113525,0.0336026562920754,0.6400632605187563,97.0,91.1,1079699.0
sedimentation_rate_unspecified,1.0,140.0,37.0,60.0,96.0,1.0169491525423728,0.9833333333333333,0.3898305084745763,96.0,37.0,123.0
segmented_neutrophils_absolute,0.04,59.27,6.188918604651163,9.030717054263564,12.45261046511628,1.4453105222112848,0.6927874614411818,0.453908495285739,13.495,5.66,2580.0
segmented_neutrophils_blood,0.8,49.3,5.4,7.3,9.6,1.7380952380952384,0.5753424657534246,0.45238095238095233,9.6,5.4,305.0
segmented_neutrophils_manual_diff,3.0,98.0,73.0,80.0,87.0,5.714285714285714,0.175,0.5,87.0,73.0,162.0
segmented_neutrophils_perc,14.7,99.0,72.15243055555555,80.56553819444444,88.08541666666667,5.077768191888205,0.1977896034621579,0.5303184329950265,88.4,72.1,1152.0
segmented_neutrophils_unspecified,0.0,46.3,5.579756041951665,8.25360237118103,11.473932968536182,1.4148089079525903,0.7166763283663637,0.4577275295961664,15.7,3.8475,2193.0
so2_arterial,0.0,964.0,86.42100402404805,88.41538480705961,90.24734677120777,23.489123918188326,0.04319240515252552,0.5162891075916363,99.0,0.0,1244039.0
so2_bloodgas,22.0,101.0,92.26341818181818,93.81672727272728,95.61173333333333,30.236222222222224,0.035786966229803756,0.4597171717171717,97.0,90.0,20625.0
so2_central_venous,0.0,97.0,29.405857740585773,69.73430962343096,77.52405857740585,3.1409084350939787,0.691758225218988,0.7404302521890171,79.75,0.0,478.0
so2_mixed_venous,0.0,98.0,68.0,76.0,81.0,5.846153846153846,0.17105263157894737,0.6153846153846155,81.0,68.0,474.0
so2_venous,0.1,721.0,57.95278237115046,63.05119444854569,66.88220876991213,9.359902972078613,0.14527092949483122,0.6139513135154703,88.0,0.63,13546.0
sodium_arterial,0.0,200.0,137.9115184408038,141.8183157130175,146.1225486240013,18.18682050336073,0.05791106867760456,0.47293542548162837,148.0,130.0,49564.0
sodium_blood,121.0,164.0,138.61053512782536,142.58651555154873,147.19241419280056,16.96246448525002,0.06030059365077097,0.47018175176679566,148.0,134.0,15529.0
sodium_bloodgas,100.0,172.0,138.31479843589983,142.47087484095212,145.82894206001924,19.236603254404205,0.052796802911039574,0.5566014170101312,150.0,134.0,64446.0
sodium_unspecified,0.0,260.0,138.04347661802944,141.4669518666347,145.8386601224519,18.545759560018684,0.05505772142735556,0.43987269955102193,149.0,133.0,61516.0
sodium_urine,20.0,231.0,36.0,57.0,81.25,1.2596685082872927,0.793859649122807,0.46408839779005523,81.25,36.0,131.0
sodium_venous,123.0,155.0,137.0,140.0,145.0,17.5,0.05714285714285714,0.375,145.0,137.0,436.0
sodium_whole_blood,0.0,166.0,135.74823840281854,139.66309453904873,144.32374241534546,16.511504072334226,0.0614137562637822,0.45856712555185836,145.0,133.0,20436.0
sofa_cardio_map,0.0,217.0,54.042357274401475,63.30763071502923,69.9256145407959,5.556150000674214,0.26944739499347253,0.4721320037340759,77.0,2.0,12489.0
sofa_cardio_nora,0.0,1.6,0.0,0.010478435574604877,0.07819341012590411,0.10478435574604876,inf,0.10478435574604876,0.1,0.0,11199.0
sofa_cardiovascular,0.0,4.0,0.2988155985206685,1.6434155704320959,3.0896961752726932,0.6632375200911317,2.297926127053977,0.5233720331445157,4.0,0.0,21361.0
sofa_coag_thrombocyte,0.0,934.0,183.74213307710787,285.20906397629915,386.87857314436707,1.4662087740516594,0.7141401546318924,0.48317468990481316,405.5,52.25,12489.0
sofa_coagulation,0.0,4.0,0.0,0.0,2.0,0.0,inf,0.0,2.0,0.0,1290.0
sofa_liver_bilirubin,0.0,277.0,4.0,6.0,10.0,1.0,1.0,0.3333333333333333,10.0,4.0,5588.0
sofa_nervous,0.0,4.0,0.22098501070663812,0.44197002141327624,2.220985010706638,0.22098501070663812,inf,0.11049250535331906,4.0,0.0,11675.0
sofa_nervous_gcs_eye,0.0,4.0,0.0,0.0,2.554525222551929,0.0,inf,0.0,4.0,0.0,10784.0
sofa_nervous_gcs_motor,0.0,6.0,0.0,0.0,3.072700296735905,0.0,inf,0.0,5.0,0.0,10784.0
sofa_nervous_gcs_verbal,0.0,5.0,0.0,0.0,1.0,0.0,inf,0.0,1.0,0.0,10784.0
sofa_renal,0.0,4.0,0.0,0.014883720930232559,1.3405980066445182,0.0037209302325581397,inf,0.0037209302325581397,4.0,0.0,22575.0
sofa_renal_creat,0.0,1136.0,49.767115061253904,71.12987428937465,115.33589558811754,1.1128869695234485,0.9251099469655921,0.31957640161093515,134.0,29.0,12489.0
sofa_renal_urine,-5350.0,9620.0,1468.0268236047723,2104.1136199855873,2816.4200496436865,1.573021223818055,0.643036639807198,0.475683501308991,3270.0,760.0,12489.0
sofa_resp_fio2,0.0,6540.6,41.486602475462284,50.13463613686893,65.26919093324656,2.3031798402181223,0.47372102435637475,0.3712410160724237,78.9,21.5,147528.0
sofa_resp_pao2,0.0,225.0,57.365881976139,63.48819361037714,70.41110577308031,4.857440283250063,0.21618290025669093,0.4725349199075684,75.59,4.9,12489.0
sofa_resp_support,0.0,1.0,0.0,0.9779353719928048,1.0,0.9779353719928048,inf,0.9779353719928048,1.0,0.0,77273.0
sofa_respiratory,0.0,4.0,1.9423910272750446,2.274619763786218,3.063301894808395,2.1825133826153453,inf,0.3322287365111734,4.0,0.0,11769.0
sofa_score,0.0,62.0,3.506879471656577,6.088827738029719,8.728453494771601,1.264803836779621,0.9029142752312813,0.5101914458683859,17.0,1.0,18170.0
sofa_total,0.0,21.0,5.448359659781288,6.975324796709973,9.46247312832975,1.7388322896220831,0.5753708624304007,0.38291584883322427,11.0,3.0,10699.0
stroke_volume_calculated,0.0,790.0,62.22834059567133,78.74733731564835,98.94250975627274,2.2383522416968904,0.46693773854474835,0.46787666651992693,125.0,51.0,83536.0
stroke_volume_index,1.0,1084.0,32.619308090939484,40.55439975482002,48.29765552212192,3.0848993571787386,0.3917518443067497,0.49569467532051864,54.0,23.0,89730.0
stroke_volume_variation,0.0,89.0,4.313931438223962,7.3571025187304695,12.945760074294391,0.9064775723812257,1.1991289473309825,0.3569368927499622,28.0,4.0,79683.0
substitution_flow_cvvh,0.0,28000.0,1340.512223515716,1467.9860302677532,1883.0034924330616,3.492433061699651,0.3932382615444315,0.23177055773097682,3000.0,850.0,859.0
substitution_volume_cvvh,-0.68,232257.0,13569.146035966636,32753.434014607727,58694.041753097124,1.3325105538901638,1.2204595660944806,0.5184578500768143,102757.5,1.788,117609.0
swallowing_text,0.0,1.0,0.0,0.0,1.0,0.0,inf,0.0,1.0,0.0,105.0
systemic_vascular_resistance,0.0,26800.0,537.0507102272727,678.2092613636364,875.4480681818181,2.3197032191070144,0.5081097403930969,0.4262824567721888,1560.0,430.0,17600.0
systemic_vascular_resistance_index,0.0,28423.0,1263.3454634039224,1536.60274762225,2053.017924049243,2.0978313806250024,0.5093581959844624,0.3532420441743597,2415.0,1019.0,72863.0
temperature_axillary,0.0,385.6,36.94037840487527,37.49940158507759,38.070007733445536,33.197628039573495,0.030123876707755643,0.49485108444841397,38.22,36.2999982014388,280491.0
temperature_bladder,-0.7,104.7,38.01612271204541,38.53443121729867,39.118033606399926,35.01438129603887,0.028938021290479236,0.46777051902594097,100.0,36.73,827759.0
temperature_blood,0.0,3636.3,38.88236719053577,39.67115415857114,40.34621663674327,45.572569051280944,0.03931108356528642,0.54690069939503,100.9,23.5,46322.0
temperature_core,11.78,662.0,63.91052165123639,64.62339402906363,65.33218021211765,45.929712245428014,0.023686378918971792,0.4715598008725091,100.1,36.28,68264.0
temperature_ear,0.0,3702.0,36.801265182735044,37.36597630408849,37.98501111593103,31.882883062132645,0.0316740333655356,0.4757657688020542,38.7,36.11,73768.0
temperature_groin,34.2,41.38,36.94309346567412,37.55574855252275,38.09729114971051,32.85850333493012,0.030719436958530914,0.5319102440690545,38.4625,36.4,2418.0
temperature_nasopharyngeal,19.0,104.2,67.53365700024523,68.93952751166172,69.59626222601192,50.76782704715488,0.0415106844994841,0.6557341795034315,98.6,33.5,19937.0
temperature_oesophageal,0.0,104.5,39.92019268619567,40.48839164290425,40.98853308443423,38.56101898677673,0.02689106855068804,0.5336642851117588,99.7,36.39,261150.0
temperature_peripheral,23.5,98.9,80.60654935488971,83.88778021978021,87.10087912087913,23.708837230976656,0.07533880679806908,0.5293266154292222,97.2,36.2999982014388,2275.0
temperature_peripheral_left_leg,36.2,37.4,36.5,36.8,37.0999999999999,61.333333333343354,0.01630434782608429,0.5000000000000769,37.0999999999999,36.5,3029.0
temperature_rectal,0.0,105.6,37.712361411764945,38.381894870403826,39.01624336687284,30.436495447569314,0.034064016857001674,0.5176742887679261,99.4,35.4,223039.0
temperature_set,0.0,385.0,81.65728806668021,85.51774750965645,86.51567391746289,157.4108079781453,0.1078186618440483,0.3559991868266033,109.4,18.0,4919.0
temperature_skin,0.0,42.5,36.59765814671729,37.19015427563409,37.96936856602628,27.449607444517067,0.036900952174329565,0.4324456883061828,38.78,36.5,257034.0
temperature_unspecified,15.1,107.6,41.44659012891034,41.98465999567997,42.538415584452444,37.97168690114195,0.02671130580846645,0.49454726842192326,100.6,27.5,1066240.0
thrombin_time_unspecified,11.8999790899476,119.99999374152,15.224984239229698,17.2499987427156,21.8249843062853,2.613636146584342,0.3826087274262948,0.306820376198769,21.8249843062853,15.2249842392297,106.0
thrombocytes_blood,3.0,1757.0,220.22010755692136,308.6141570051683,409.3650736834754,1.6473988063778553,0.6121594412678649,0.46901927074122174,495.25,180.0,28636.0
thrombocytes_unspecified,0.0,431431.0,212.4308863221402,295.532487893943,394.03163451615467,1.6411973316560484,0.6144570689164635,0.4585127547295015,491.0,180.0,25194.0
tidal_volume_expiratory,-443.0,804805.0,414.7199775202858,477.1868206623158,558.0520825870116,3.3755339297772218,0.29936507104870536,0.43204368428862827,691.0,350.0,3469795.0
tidal_volume_expiratory_measured,0.0,7535.0,423.79520428193825,496.4778999474596,575.3557585050136,3.2952713711841324,0.3044278006288936,0.48058228908809825,606.0,0.41,1478863.0
tidal_volume_expiratory_spontaneous,0.0,6390.0,443.0,504.0,574.0,3.8473282442748094,0.25992063492063494,0.46564885496183206,574.0,443.0,183839.0
tidal_volume_expiratory_unspecified,0.0,2526.0,435.0,491.0,564.0,3.806201550387597,0.26272912423625255,0.43410852713178294,564.0,435.0,19097.0
tidal_volume_inspiratory,0.0,442020.0,424.6403109273628,483.91276411980505,553.2761982095217,4.064103545634742,0.2639239440093665,0.47079213084950616,650.0,0.432,2967587.0
tidal_volume_inspiratory_measured,-210.0,6975.0,409.0186242790028,478.0164701798118,547.0444364768384,3.4683096298872704,0.2887237413353531,0.4999028524363197,826.75,409.0,702846.0
tidal_volume_inspiratory_set,350.0,650.0,400.0,420.0,420.0,21.0,0.047619047619047616,1.0,420.0,400.0,4994.0
tidal_volume_inspiratory_unspecified,0.0,5640.0,435.1181574524145,491.9695634397856,561.9695634397856,3.8804200396735262,0.2577438657354279,0.4471999121731098,608.0,432.0,22013.0
tidal_volume_measured,0.0,475460.0,442.04272501691855,476.765758259336,524.6351524721613,6.526789685920584,0.17471015478529048,0.4065764177467723,620.0,0.6,48763.0
tidal_volume_per_kg,0.0,4444444.0,6.328271990143045,7.173261254494223,8.217714352021215,3.9066728970030367,0.26260481106096084,0.4515948896006239,8.7,4.4625,1128949.0
tidal_volume_set,0.0,13081.0,408.66490639180387,450.0294810721006,478.9295437977859,6.8257331585420795,0.15677630797767153,0.5951876612549575,580.0,250.0,176961.0
tidal_volume_spontaneous,0.0,43027.0,298.29981110593593,379.713631423692,541.2448895099104,2.0134784669048016,inf,0.42592956709077995,573.5,0.0,38646.0
tracheobronchial_toilet_cumulative24hours,0.0,40.0,3.0,5.430953278070836,8.861906556141673,0.9384352459898805,1.0718255463451394,0.4123129508020239,10.0,3.0,10616.0
tracheobronchial_toilet_frequency,0.0,20.0,1.0,1.0,2.0,1.0,1.0,0.0,2.0,1.0,14982.0
tracheostomy_size,4.0,10.0,7.0,7.966209349593496,8.0,7.966209349593496,0.12560340447154472,0.9662093495934959,8.0,7.0,3936.0
transmembrane_pressure_cvvh,-499.999924993849,12626.0,85.58375706550126,105.83427396497089,130.23473200632543,2.3765479250876913,0.4470879300485435,0.4611337641006397,186.0,15.0,519395.0
transmembrane_pressure_cvvhd,-20.0,10643.4,15.0,20.0,25.0,2.0,0.5,0.5,25.0,15.0,2137.0
triglycerides_unspecified,0.0,48.89,1.515538344337227,2.091970543423057,2.9071114779075673,1.5114259516257866,0.6647498536290144,0.41458132969424055,3.11,1.3,11814.0
troponin_i_hs,2.0,7819.0,6.0,14.0,35.0,0.4827586206896552,2.0714285714285716,0.27586206896551724,35.0,6.0,667.0
troponin_t,0.0,6658.0,8.607327991817252,17.6619171496761,47.63702608250939,0.5809607259455575,1.8596791926999903,0.27052806461224554,247.0,0.013,2933.0
troponin_t_hs,0.003,45037.0,12.836736135677869,23.75134949536989,62.154101758401836,0.5248985623771305,2.004837855849526,0.2308662655985773,259.25,0.011,9611.0
ultrafiltration_cvvh_measured,-103.000017993157,27253.0,3943.0796085391817,7400.300494489065,12893.291236135277,0.8285572252062792,1.2273965196849745,0.3997011767121645,14726.75,0.0,31102.0
ultrafiltration_cvvh_set,-210.0,1586565000.0,44.70870741233634,94.5500465214682,152.43271116049397,0.8838191152194886,inf,0.4577535457345088,372.0,0.0,523254.0
ultrafiltration_cvvh_total,-12436.0,12291.0,-473.48604833603844,-85.59830740253875,90.03333020683827,0.39342972627158324,1.0838965482312681,0.46143558498319537,4610.0,-3334.25,447306.0
ureum_blood,1.3,61.7,7.053655913978495,10.570483870967742,16.426397849462365,1.1261219550289296,0.8924830153705446,0.3748628315973232,17.95,3.475,5580.0
ureum_unspecified,0.0,923.0,7.590199477037783,11.01644369331703,16.65931865333285,1.2366862933410325,0.8255587408242623,0.37846569969637717,25.2,4.8,41712.0
urine_output_24hours,12.0,5290.0,1025.5,1712.5,2340.25,1.3025289979083476,0.7677372262773723,0.522532800912721,2340.25,1025.5,105.0
urine_output_6hours,0.0,13.19,0.8362277291570706,1.3250570244127131,2.0152521418701057,1.1236404784865897,0.890807423902917,0.41456139747854204,2.02,0.55,54275.0
urine_output_8hours,0.0,7500.0,412.5945761364667,666.2705102259332,981.784411360133,1.1896458984459526,0.8499310414115872,0.44676996027549104,1070.0,410.0,518339.0
urine_specific_gravity,1.005,1.09,1.0127312775330395,1.02,1.0266387665198238,73.71467299220582,0.0136347931242982,0.5125946007003327,1.028,1.01,227.0
vancomycin_level,1.8,108.0,16.39950166112957,20.49318936877076,24.924958471760768,2.5049913735495886,0.42003433138194196,0.4811026067387679,27.6749999999999,12.0,1204.0
vco2,0.0,99880.0,238.70090631325823,295.7916450591762,359.750683263889,2.861608229067025,0.3613270885600921,0.4692431656014661,70622.5,0.2,2996646.0
vent_mechanics_airway_resistance,4.9,13.5,11.8,12.1,12.5,17.285714285714302,0.057851239669421434,0.4285714285714275,12.5,11.8,215.0
vent_mechanics_compliance_respiratory,12.2,140.0,25.0,33.6,45.0,1.6800000000000002,0.5952380952380952,0.43000000000000005,45.0,25.0,547.0
vent_mechanics_mechanical_power,0.0,55.08,13.9625,17.415,21.2975,2.374233128834356,0.42118863049095606,0.47068847989093376,21.2975,13.9625,2306.0
vent_mechanics_paw_insp_occl,12.0,40.0,21.0,25.0,28.0,3.5714285714285716,0.28,0.5714285714285714,28.0,21.0,558.0
vent_mechanics_paw_peak,2.0,51.0,19.0,23.0,29.0,2.3,0.43478260869565216,0.4,29.0,19.0,1625.0
vent_mechanics_paw_peep_tot,1.0,24.0,9.0,10.0,12.0,3.3333333333333335,0.3,0.3333333333333333,12.0,9.0,1650.0
vent_mechanics_ptranspulm_exp,-54.0999933718446,187.300046397087,9.6,12.9000015295743,16.0,2.0156252389959843,0.4961239721815134,0.5156252389959844,16.0,9.6,355079.0
vent_mechanics_ptranspulm_insp,-74.0,213.399988783121,18.40091535246981,26.090481887639026,30.89201560776196,2.088944523177157,0.4787384219799675,0.6154841278094813,30.9000015295743,18.3999938817027,356177.0
vent_mechanics_tidal_volume,250.0,850.0,410.0,450.0,480.0,6.428571428571429,0.15555555555555556,0.5714285714285714,480.0,410.0,589.0
vent_mechanics_volume_end_inspiration,6.4,29.38,10.2075,11.9349999999999,14.1975,2.991228070175413,0.33431085043988557,0.4329573934836841,14.1975,10.2075,544.0
vent_mode,0.0,80.0,10.168349086107444,14.652998818541942,17.433000034748765,2.224109799783926,inf,0.6582738085209591,50.0,0.0,115112.0
volume_trigger,0.35,0.65,0.45,0.45999999999999996,0.5,9.200000000000003,0.10869565217391301,0.20000000000000023,0.5,0.45,2555.0
voriconazol_level,0.5,1670284.0,1.3,2.3,3.65,0.9787234042553192,1.0217391304347825,0.4255319148936169,3.65,1.3,155.0
vtco2,0.0,6540.6,6.3,8.4,11.0,1.7872340425531914,0.5595238095238095,0.44680851063829796,11.0,6.3,49772.0
weight_estimated,50.0,180.0,78.62073439730115,89.92798754379136,99.49422602828598,4.325902571854349,0.23210653925512076,0.5462501176528575,103.0,78.0,7707.0
weight_measured,0.0,1158.0,75.270201171875,86.048171875,97.72693359375,3.9307678350724062,0.2623248261986303,0.48006538323927317,115.0,63.0,12800.0
weight_unspecified,0.0,164.0,78.8776097912167,90.19496040316776,101.2822174226062,4.032582825140442,0.24851467039610228,0.5042142475212572,105.0,75.0,1389.0
